type	key
edge_deleted	NCBITaxon:1613|decreases_abundance_in|MESH:*
edge_deleted	NCBITaxon:1937008|decreases_abundance_in|MESH:*
edge_deleted	NCBITaxon:74201|decreases_abundance_in|MESH:*
edge_deleted	NCBITaxon:2093824|increases_abundance_in|MESH:*
edge_deleted	NCBITaxon:203494|increases_abundance_in|MESH:*
edge_deleted	NCBITaxon:446660|increases_abundance_in|MESH:*
edge_deleted	NCBITaxon:135622|decreases_abundance_in|MESH:*
edge_deleted	NCBITaxon:171550|increases_abundance_in|MESH:*
edge_deleted	NCBITaxon:186801|decreases_abundance_in|MESH:*
edge_deleted	NCBITaxon:1224|increases_abundance_in|MESH:*
edge_deleted	NCBITaxon:54448|decreases_abundance_in|MESH:*
edge_deleted	NCBITaxon:2718|increases_abundance_in|MESH:*
edge_deleted	NCBITaxon:2172|decreases_abundance_in|MESH:*
edge_deleted	NCBITaxon:836|decreases_abundance_in|MESH:*
edge_deleted	NCBITaxon:239934|increases_abundance_in|MESH:*
edge_deleted	NCBITaxon:219181|decreases_abundance_in|MESH:*
edge_deleted	NCBITaxon:1077464|increases_abundance_in|MESH:*
edge_deleted	NCBITaxon:171549|decreases_abundance_in|MESH:*
edge_deleted	NCBITaxon:816|decreases_abundance_in|MESH:*
edge_deleted	NCBITaxon:265975|decreases_abundance_in|MESH:*
edge_deleted	NCBITaxon:995019|increases_abundance_in|MESH:*
edge_deleted	NCBITaxon:267894|decreases_abundance_in|MESH:*
edge_deleted	NCBITaxon:191303|decreases_abundance_in|MESH:*
edge_deleted	NCBITaxon:1318|increases_abundance_in|MESH:*
edge_deleted	NCBITaxon:76892|increases_abundance_in|MESH:*
edge_deleted	NCBITaxon:72294|decreases_abundance_in|MESH:*
edge_deleted	NCBITaxon:526525|increases_abundance_in|MESH:*
edge_deleted	NCBITaxon:172042|increases_abundance_in|MESH:*
edge_deleted	NCBITaxon:1263|increases_abundance_in|MESH:*
edge_deleted	NCBITaxon:909929|increases_abundance_in|MESH:*
edge_deleted	NCBITaxon:195950|increases_abundance_in|MESH:*
edge_deleted	NCBITaxon:76860|increases_abundance_in|MESH:*
edge_deleted	NCBITaxon:31957|increases_abundance_in|MESH:*
edge_deleted	NCBITaxon:644652|increases_abundance_in|MESH:*
edge_deleted	NCBITaxon:286|decreases_abundance_in|MESH:*
edge_deleted	NCBITaxon:649776|increases_abundance_in|MESH:*
edge_deleted	NCBITaxon:1392389|increases_abundance_in|MESH:*
edge_deleted	NCBITaxon:820|decreases_abundance_in|MESH:*
edge_deleted	NCBITaxon:85017|decreases_abundance_in|MESH:*
edge_deleted	NCBITaxon:404402|increases_abundance_in|MESH:*
edge_deleted	NCBITaxon:203557|increases_abundance_in|MESH:*
edge_deleted	NCBITaxon:596498|decreases_abundance_in|MESH:*
edge_deleted	NCBITaxon:816|increases_abundance_in|MESH:*
edge_deleted	NCBITaxon:1239|decreases_abundance_in|MESH:*
edge_deleted	NCBITaxon:1654|decreases_abundance_in|MESH:*
edge_deleted	NCBITaxon:1288121|decreases_abundance_in|MESH:*
edge_deleted	NCBITaxon:29465|decreases_abundance_in|MESH:*
edge_deleted	NCBITaxon:186804|decreases_abundance_in|MESH:*
edge_deleted	NCBITaxon:209|increases_abundance_in|MESH:*
edge_deleted	NCBITaxon:157692|increases_abundance_in|MESH:*
edge_deleted	NCBITaxon:186803|decreases_abundance_in|MESH:*
edge_deleted	NCBITaxon:165695|increases_abundance_in|MESH:*
edge_deleted	NCBITaxon:222|decreases_abundance_in|MESH:*
edge_deleted	NCBITaxon:135858|decreases_abundance_in|MESH:*
edge_deleted	NCBITaxon:1056807|increases_abundance_in|MESH:*
edge_deleted	NCBITaxon:41297|increases_abundance_in|MESH:*
edge_deleted	NCBITaxon:28025|increases_abundance_in|MESH:*
edge_deleted	NCBITaxon:213121|increases_abundance_in|MESH:*
edge_deleted	NCBITaxon:136|increases_abundance_in|MESH:*
edge_deleted	NCBITaxon:239759|decreases_abundance_in|MESH:*
edge_deleted	NCBITaxon:1654|increases_abundance_in|MESH:*
edge_deleted	NCBITaxon:328813|increases_abundance_in|MESH:*
edge_deleted	NCBITaxon:84107|increases_abundance_in|MESH:*
edge_deleted	NCBITaxon:2086|decreases_abundance_in|MESH:*
edge_deleted	NCBITaxon:34104|increases_abundance_in|MESH:*
edge_deleted	NCBITaxon:171551|decreases_abundance_in|MESH:*
edge_deleted	NCBITaxon:836|increases_abundance_in|MESH:*
edge_deleted	NCBITaxon:1003372|decreases_abundance_in|MESH:*
edge_deleted	NCBITaxon:186826|decreases_abundance_in|MESH:*
edge_deleted	NCBITaxon:29465|increases_abundance_in|MESH:*
edge_deleted	NCBITaxon:1351|decreases_abundance_in|MESH:*
edge_deleted	NCBITaxon:649775|increases_abundance_in|MESH:*
edge_deleted	NCBITaxon:487|increases_abundance_in|MESH:*
edge_deleted	NCBITaxon:831|decreases_abundance_in|MESH:*
edge_deleted	NCBITaxon:1350|increases_abundance_in|MESH:*
edge_deleted	NCBITaxon:638847|increases_abundance_in|MESH:*
edge_deleted	NCBITaxon:1265|increases_abundance_in|MESH:*
edge_deleted	NCBITaxon:157691|increases_abundance_in|MESH:*
edge_deleted	NCBITaxon:264995|increases_abundance_in|MESH:*
edge_deleted	NCBITaxon:1279|decreases_abundance_in|MESH:*
edge_deleted	NCBITaxon:40518|increases_abundance_in|MESH:*
edge_deleted	NCBITaxon:286|increases_abundance_in|MESH:*
edge_deleted	NCBITaxon:135621|increases_abundance_in|MESH:*
edge_deleted	NCBITaxon:1598|decreases_abundance_in|MESH:*
edge_deleted	NCBITaxon:171551|increases_abundance_in|MESH:*
edge_deleted	NCBITaxon:207244|increases_abundance_in|MESH:*
edge_deleted	NCBITaxon:543311|increases_abundance_in|MESH:*
edge_deleted	NCBITaxon:216816|increases_abundance_in|MESH:*
edge_deleted	NCBITaxon:1239|increases_abundance_in|MESH:*
edge_deleted	NCBITaxon:33958|increases_abundance_in|MESH:*
edge_deleted	NCBITaxon:72274|decreases_abundance_in|MESH:*
edge_deleted	NCBITaxon:633701|increases_abundance_in|MESH:*
edge_deleted	NCBITaxon:1596|increases_abundance_in|MESH:*
edge_deleted	NCBITaxon:162289|increases_abundance_in|MESH:*
edge_deleted	NCBITaxon:213115|increases_abundance_in|MESH:*
edge_deleted	NCBITaxon:28449|increases_abundance_in|MESH:*
edge_deleted	NCBITaxon:1279|increases_abundance_in|MESH:*
edge_deleted	NCBITaxon:91347|decreases_abundance_in|MESH:*
edge_deleted	NCBITaxon:166486|decreases_abundance_in|MESH:*
edge_deleted	NCBITaxon:41200|decreases_abundance_in|MESH:*
edge_deleted	NCBITaxon:3031852|decreases_abundance_in|MESH:*
edge_deleted	NCBITaxon:1378|increases_abundance_in|MESH:*
edge_deleted	NCBITaxon:32067|increases_abundance_in|MESH:*
edge_deleted	NCBITaxon:278082|decreases_abundance_in|MESH:*
edge_deleted	NCBITaxon:1663|increases_abundance_in|MESH:*
edge_deleted	NCBITaxon:28132|increases_abundance_in|MESH:*
edge_deleted	NCBITaxon:508458|increases_abundance_in|MESH:*
edge_deleted	NCBITaxon:109328|increases_abundance_in|MESH:*
edge_deleted	NCBITaxon:189330|decreases_abundance_in|MESH:*
edge_deleted	NCBITaxon:33024|decreases_abundance_in|MESH:*
edge_deleted	NCBITaxon:93681|decreases_abundance_in|MESH:*
edge_deleted	NCBITaxon:1300|decreases_abundance_in|MESH:*
edge_deleted	NCBITaxon:1506577|decreases_abundance_in|MESH:*
edge_deleted	NCBITaxon:171552|decreases_abundance_in|MESH:*
edge_deleted	NCBITaxon:633807|increases_abundance_in|MESH:*
edge_deleted	NCBITaxon:747|decreases_abundance_in|MESH:*
edge_deleted	NCBITaxon:213849|decreases_abundance_in|MESH:*
edge_deleted	NCBITaxon:610251|decreases_abundance_in|MESH:*
edge_deleted	NCBITaxon:3024411|increases_abundance_in|MESH:*
edge_deleted	NCBITaxon:84566|decreases_abundance_in|MESH:*
edge_deleted	NCBITaxon:544448|decreases_abundance_in|MESH:*
edge_deleted	NCBITaxon:483|increases_abundance_in|MESH:*
edge_deleted	NCBITaxon:1236|decreases_abundance_in|MESH:*
edge_deleted	NCBITaxon:496|increases_abundance_in|MESH:*
edge_deleted	NCBITaxon:620|decreases_abundance_in|MESH:*
edge_deleted	NCBITaxon:28196|decreases_abundance_in|MESH:*
edge_deleted	NCBITaxon:191394|increases_abundance_in|MESH:*
edge_deleted	NCBITaxon:853|decreases_abundance_in|MESH:*
edge_deleted	NCBITaxon:1898207|increases_abundance_in|MESH:*
edge_deleted	NCBITaxon:91347|increases_abundance_in|MESH:*
edge_deleted	NCBITaxon:39948|increases_abundance_in|MESH:*
edge_deleted	NCBITaxon:105335|decreases_abundance_in|MESH:*
edge_deleted	NCBITaxon:484|increases_abundance_in|MESH:*
edge_deleted	NCBITaxon:171552|increases_abundance_in|MESH:*
edge_deleted	NCBITaxon:1622|decreases_abundance_in|MESH:*
edge_deleted	NCBITaxon:61171|decreases_abundance_in|MESH:*
edge_deleted	NCBITaxon:408|decreases_abundance_in|MESH:*
edge_deleted	NCBITaxon:2840493|increases_abundance_in|MESH:*
edge_deleted	NCBITaxon:204|increases_abundance_in|MESH:*
edge_deleted	NCBITaxon:544581|increases_abundance_in|MESH:*
edge_deleted	NCBITaxon:28137|increases_abundance_in|MESH:*
edge_deleted	NCBITaxon:44748|increases_abundance_in|MESH:*
edge_deleted	NCBITaxon:1279384|increases_abundance_in|MESH:*
edge_deleted	NCBITaxon:544448|increases_abundance_in|MESH:*
edge_deleted	NCBITaxon:1750|increases_abundance_in|MESH:*
edge_deleted	NCBITaxon:2810281|decreases_abundance_in|MESH:*
edge_deleted	NCBITaxon:135625|decreases_abundance_in|MESH:*
edge_deleted	NCBITaxon:439703|increases_abundance_in|MESH:*
edge_deleted	NCBITaxon:91061|decreases_abundance_in|MESH:*
edge_deleted	NCBITaxon:1694|increases_abundance_in|MESH:*
edge_deleted	NCBITaxon:1308|increases_abundance_in|MESH:*
edge_deleted	NCBITaxon:204457|decreases_abundance_in|MESH:*
edge_deleted	NCBITaxon:194924|increases_abundance_in|MESH:*
edge_deleted	NCBITaxon:539|increases_abundance_in|MESH:*
edge_deleted	NCBITaxon:149698|increases_abundance_in|MESH:*
edge_deleted	NCBITaxon:1485|decreases_abundance_in|MESH:*
edge_deleted	NCBITaxon:60133|increases_abundance_in|MESH:*
edge_deleted	NCBITaxon:67572|decreases_abundance_in|MESH:*
edge_deleted	NCBITaxon:204286|decreases_abundance_in|MESH:*
edge_deleted	NCBITaxon:206351|decreases_abundance_in|MESH:*
edge_deleted	NCBITaxon:189330|increases_abundance_in|MESH:*
edge_deleted	NCBITaxon:652708|increases_abundance_in|MESH:*
edge_deleted	NCBITaxon:33024|increases_abundance_in|MESH:*
edge_deleted	NCBITaxon:212791|decreases_abundance_in|MESH:*
edge_deleted	NCBITaxon:1300|increases_abundance_in|MESH:*
edge_deleted	NCBITaxon:976|decreases_abundance_in|MESH:*
edge_deleted	NCBITaxon:196081|increases_abundance_in|MESH:*
edge_deleted	NCBITaxon:177971|increases_abundance_in|MESH:*
edge_deleted	NCBITaxon:821|decreases_abundance_in|MESH:*
edge_deleted	NCBITaxon:906|decreases_abundance_in|MESH:*
edge_deleted	NCBITaxon:2030927|decreases_abundance_in|MESH:*
edge_deleted	NCBITaxon:375288|decreases_abundance_in|MESH:*
edge_deleted	NCBITaxon:1236|increases_abundance_in|MESH:*
edge_deleted	NCBITaxon:189834|decreases_abundance_in|MESH:*
edge_deleted	NCBITaxon:1506553|increases_abundance_in|MESH:*
edge_deleted	NCBITaxon:1485|increases_abundance_in|MESH:*
edge_deleted	NCBITaxon:40323|decreases_abundance_in|MESH:*
edge_deleted	NCBITaxon:135623|decreases_abundance_in|MESH:*
edge_deleted	NCBITaxon:1573535|increases_abundance_in|MESH:*
edge_deleted	NCBITaxon:200940|increases_abundance_in|MESH:*
edge_deleted	NCBITaxon:1506553|decreases_abundance_in|MESH:*
edge_deleted	NCBITaxon:186801|increases_abundance_in|MESH:*
edge_deleted	NCBITaxon:3068309|increases_abundance_in|MESH:*
edge_deleted	NCBITaxon:817|decreases_abundance_in|MESH:*
edge_deleted	NCBITaxon:81852|increases_abundance_in|MESH:*
edge_deleted	NCBITaxon:1955243|increases_abundance_in|MESH:*
edge_deleted	NCBITaxon:745|decreases_abundance_in|MESH:*
edge_deleted	NCBITaxon:1579|decreases_abundance_in|MESH:*
edge_deleted	NCBITaxon:543|decreases_abundance_in|MESH:*
edge_deleted	NCBITaxon:872|decreases_abundance_in|MESH:*
edge_deleted	NCBITaxon:1283313|increases_abundance_in|MESH:*
edge_deleted	NCBITaxon:171549|increases_abundance_in|MESH:*
edge_deleted	NCBITaxon:189775|decreases_abundance_in|MESH:*
edge_deleted	NCBITaxon:488|increases_abundance_in|MESH:*
edge_deleted	NCBITaxon:528|decreases_abundance_in|MESH:*
edge_deleted	NCBITaxon:1003367|decreases_abundance_in|MESH:*
edge_deleted	NCBITaxon:72294|increases_abundance_in|MESH:*
edge_deleted	NCBITaxon:1117|increases_abundance_in|MESH:*
edge_deleted	NCBITaxon:119045|increases_abundance_in|MESH:*
edge_deleted	NCBITaxon:40544|increases_abundance_in|MESH:*
edge_deleted	NCBITaxon:137|increases_abundance_in|MESH:*
edge_deleted	NCBITaxon:272548|increases_abundance_in|MESH:*
edge_deleted	NCBITaxon:1298|increases_abundance_in|MESH:*
edge_deleted	NCBITaxon:976|increases_abundance_in|MESH:*
edge_deleted	NCBITaxon:502|increases_abundance_in|MESH:*
edge_deleted	NCBITaxon:29466|increases_abundance_in|MESH:*
edge_deleted	NCBITaxon:490|increases_abundance_in|MESH:*
edge_deleted	NCBITaxon:506|increases_abundance_in|MESH:*
edge_deleted	NCBITaxon:1655|increases_abundance_in|MESH:*
edge_deleted	NCBITaxon:158846|decreases_abundance_in|MESH:*
edge_deleted	NCBITaxon:821|increases_abundance_in|MESH:*
edge_deleted	NCBITaxon:397864|decreases_abundance_in|MESH:*
edge_deleted	NCBITaxon:1427378|decreases_abundance_in|MESH:*
edge_deleted	NCBITaxon:2742|decreases_abundance_in|MESH:*
edge_deleted	NCBITaxon:872|increases_abundance_in|MESH:*
edge_deleted	NCBITaxon:157|increases_abundance_in|MESH:*
edge_deleted	NCBITaxon:186332|decreases_abundance_in|MESH:*
edge_deleted	NCBITaxon:52225|decreases_abundance_in|MESH:*
edge_deleted	NCBITaxon:837|increases_abundance_in|MESH:*
edge_deleted	NCBITaxon:840|increases_abundance_in|MESH:*
edge_deleted	NCBITaxon:191303|increases_abundance_in|MESH:*
edge_deleted	NCBITaxon:31953|decreases_abundance_in|MESH:*
edge_deleted	NCBITaxon:651822|increases_abundance_in|MESH:*
edge_deleted	NCBITaxon:186804|increases_abundance_in|MESH:*
edge_deleted	NCBITaxon:216851|decreases_abundance_in|MESH:*
edge_deleted	NCBITaxon:561|decreases_abundance_in|MESH:*
edge_deleted	NCBITaxon:1653|decreases_abundance_in|MESH:*
edge_deleted	NCBITaxon:724|decreases_abundance_in|MESH:*
edge_deleted	NCBITaxon:102148|increases_abundance_in|MESH:*
edge_deleted	NCBITaxon:194843|decreases_abundance_in|MESH:*
edge_deleted	NCBITaxon:1578|decreases_abundance_in|MESH:*
edge_deleted	NCBITaxon:596499|decreases_abundance_in|MESH:*
edge_deleted	NCBITaxon:239759|increases_abundance_in|MESH:*
edge_deleted	NCBITaxon:44249|decreases_abundance_in|MESH:*
edge_deleted	NCBITaxon:40542|increases_abundance_in|MESH:*
edge_deleted	NCBITaxon:641|decreases_abundance_in|MESH:*
edge_deleted	NCBITaxon:547|increases_abundance_in|MESH:*
edge_deleted	NCBITaxon:225842|decreases_abundance_in|MESH:*
edge_deleted	NCBITaxon:32066|increases_abundance_in|MESH:*
edge_deleted	NCBITaxon:72293|decreases_abundance_in|MESH:*
edge_deleted	NCBITaxon:1659|increases_abundance_in|MESH:*
edge_deleted	NCBITaxon:1678|decreases_abundance_in|MESH:*
edge_deleted	NCBITaxon:84999|decreases_abundance_in|MESH:*
edge_deleted	NCBITaxon:239935|decreases_abundance_in|MESH:*
edge_deleted	NCBITaxon:543|increases_abundance_in|MESH:*
edge_deleted	NCBITaxon:714|increases_abundance_in|MESH:*
edge_deleted	NCBITaxon:1591|decreases_abundance_in|MESH:*
edge_deleted	NCBITaxon:1434006|increases_abundance_in|MESH:*
edge_deleted	NCBITaxon:3031449|increases_abundance_in|MESH:*
edge_deleted	NCBITaxon:216572|decreases_abundance_in|MESH:*
edge_deleted	NCBITaxon:80865|increases_abundance_in|MESH:*
edge_deleted	NCBITaxon:186803|increases_abundance_in|MESH:*
edge_deleted	NCBITaxon:256845|decreases_abundance_in|MESH:*
edge_deleted	NCBITaxon:1578|increases_abundance_in|MESH:*
edge_deleted	NCBITaxon:186928|decreases_abundance_in|MESH:*
edge_deleted	NCBITaxon:203491|increases_abundance_in|MESH:*
edge_deleted	NCBITaxon:28131|increases_abundance_in|MESH:*
edge_deleted	NCBITaxon:31969|decreases_abundance_in|MESH:*
edge_deleted	NCBITaxon:123375|decreases_abundance_in|MESH:*
edge_deleted	NCBITaxon:118747|increases_abundance_in|MESH:*
edge_deleted	NCBITaxon:838|increases_abundance_in|MESH:*
edge_deleted	NCBITaxon:1747|increases_abundance_in|MESH:*
edge_deleted	NCBITaxon:1678|increases_abundance_in|MESH:*
edge_deleted	NCBITaxon:1839799|increases_abundance_in|MESH:*
edge_deleted	NCBITaxon:53419|increases_abundance_in|MESH:*
edge_deleted	NCBITaxon:200644|decreases_abundance_in|MESH:*
edge_deleted	NCBITaxon:228604|increases_abundance_in|MESH:*
edge_deleted	NCBITaxon:186333|decreases_abundance_in|MESH:*
edge_deleted	NCBITaxon:248039|increases_abundance_in|MESH:*
edge_deleted	NCBITaxon:838|decreases_abundance_in|MESH:*
edge_deleted	NCBITaxon:216851|increases_abundance_in|MESH:*
edge_deleted	NCBITaxon:69823|increases_abundance_in|MESH:*
edge_deleted	NCBITaxon:2810280|increases_abundance_in|MESH:*
edge_deleted	NCBITaxon:1716|increases_abundance_in|MESH:*
edge_deleted	NCBITaxon:1582879|increases_abundance_in|MESH:*
edge_deleted	NCBITaxon:2049|decreases_abundance_in|MESH:*
edge_deleted	NCBITaxon:481|decreases_abundance_in|MESH:*
edge_deleted	NCBITaxon:52002|increases_abundance_in|MESH:*
edge_deleted	NCBITaxon:2047|increases_abundance_in|MESH:*
edge_deleted	NCBITaxon:1743|increases_abundance_in|MESH:*
edge_deleted	NCBITaxon:1871016|decreases_abundance_in|MESH:*
edge_deleted	NCBITaxon:487175|increases_abundance_in|MESH:*
edge_deleted	NCBITaxon:469|increases_abundance_in|MESH:*
edge_deleted	NCBITaxon:1716|decreases_abundance_in|MESH:*
edge_deleted	NCBITaxon:1385|increases_abundance_in|MESH:*
edge_deleted	NCBITaxon:255528|decreases_abundance_in|MESH:*
edge_deleted	NCBITaxon:28138|increases_abundance_in|MESH:*
edge_deleted	NCBITaxon:186828|increases_abundance_in|MESH:*
edge_deleted	NCBITaxon:216572|increases_abundance_in|MESH:*
edge_deleted	NCBITaxon:447454|increases_abundance_in|MESH:*
edge_deleted	NCBITaxon:1409|decreases_abundance_in|MESH:*
edge_deleted	NCBITaxon:218538|increases_abundance_in|MESH:*
edge_deleted	NCBITaxon:31977|decreases_abundance_in|MESH:*
edge_deleted	NCBITaxon:1328|increases_abundance_in|MESH:*
edge_deleted	NCBITaxon:489|increases_abundance_in|MESH:*
edge_deleted	NCBITaxon:28135|increases_abundance_in|MESH:*
edge_deleted	NCBITaxon:1506577|increases_abundance_in|MESH:*
edge_deleted	NCBITaxon:610251|increases_abundance_in|MESH:*
edge_deleted	NCBITaxon:1254517|decreases_abundance_in|MESH:*
edge_deleted	NCBITaxon:526524|decreases_abundance_in|MESH:*
edge_deleted	NCBITaxon:203490|increases_abundance_in|MESH:*
edge_deleted	NCBITaxon:91061|increases_abundance_in|MESH:*
edge_deleted	NCBITaxon:2005473|decreases_abundance_in|MESH:*
edge_deleted	NCBITaxon:1940338|increases_abundance_in|MESH:*
edge_deleted	NCBITaxon:1301|decreases_abundance_in|MESH:*
edge_deleted	NCBITaxon:712|decreases_abundance_in|MESH:*
edge_deleted	NCBITaxon:990719|decreases_abundance_in|MESH:*
edge_deleted	NCBITaxon:562|increases_abundance_in|MESH:*
edge_deleted	NCBITaxon:481|increases_abundance_in|MESH:*
edge_deleted	NCBITaxon:2037|decreases_abundance_in|MESH:*
edge_deleted	NCBITaxon:35517|increases_abundance_in|MESH:*
edge_deleted	NCBITaxon:1871016|increases_abundance_in|MESH:*
edge_deleted	NCBITaxon:1872421|increases_abundance_in|MESH:*
edge_deleted	NCBITaxon:200643|increases_abundance_in|MESH:*
edge_deleted	NCBITaxon:46503|increases_abundance_in|MESH:*
edge_deleted	NCBITaxon:174708|increases_abundance_in|MESH:*
edge_deleted	NCBITaxon:84111|increases_abundance_in|MESH:*
edge_deleted	NCBITaxon:1737405|increases_abundance_in|MESH:*
edge_deleted	NCBITaxon:33042|decreases_abundance_in|MESH:*
edge_deleted	NCBITaxon:44259|increases_abundance_in|MESH:*
edge_deleted	NCBITaxon:72763|increases_abundance_in|MESH:*
edge_deleted	NCBITaxon:182709|increases_abundance_in|MESH:*
edge_deleted	NCBITaxon:194|decreases_abundance_in|MESH:*
edge_deleted	NCBITaxon:2049040|increases_abundance_in|MESH:*
edge_deleted	NCBITaxon:574697|increases_abundance_in|MESH:*
edge_deleted	NCBITaxon:909929|decreases_abundance_in|MESH:*
edge_deleted	NCBITaxon:219686|decreases_abundance_in|MESH:*
edge_deleted	NCBITaxon:328813|decreases_abundance_in|MESH:*
edge_deleted	NCBITaxon:851|increases_abundance_in|MESH:*
edge_deleted	NCBITaxon:649777|increases_abundance_in|MESH:*
edge_deleted	NCBITaxon:375288|increases_abundance_in|MESH:*
edge_deleted	NCBITaxon:1383|increases_abundance_in|MESH:*
edge_deleted	NCBITaxon:200643|decreases_abundance_in|MESH:*
edge_deleted	NCBITaxon:46254|increases_abundance_in|MESH:*
edge_deleted	NCBITaxon:447456|increases_abundance_in|MESH:*
edge_deleted	NCBITaxon:739|increases_abundance_in|MESH:*
edge_deleted	NCBITaxon:815|increases_abundance_in|MESH:*
edge_deleted	NCBITaxon:80840|decreases_abundance_in|MESH:*
edge_deleted	NCBITaxon:589437|increases_abundance_in|MESH:*
edge_deleted	NCBITaxon:28890|increases_abundance_in|MESH:*
edge_deleted	NCBITaxon:584783|decreases_abundance_in|MESH:*
edge_deleted	NCBITaxon:1158|increases_abundance_in|MESH:*
edge_deleted	NCBITaxon:172900|decreases_abundance_in|MESH:*
edge_deleted	NCBITaxon:201174|decreases_abundance_in|MESH:*
edge_deleted	NCBITaxon:47715|decreases_abundance_in|MESH:*
edge_deleted	NCBITaxon:1121115|decreases_abundance_in|MESH:*
edge_deleted	NCBITaxon:1129771|increases_abundance_in|MESH:*
edge_deleted	NCBITaxon:52768|increases_abundance_in|MESH:*
edge_deleted	NCBITaxon:1496|decreases_abundance_in|MESH:*
edge_deleted	NCBITaxon:526524|increases_abundance_in|MESH:*
edge_deleted	NCBITaxon:3031451|increases_abundance_in|MESH:*
edge_deleted	NCBITaxon:46125|increases_abundance_in|MESH:*
edge_deleted	NCBITaxon:28136|increases_abundance_in|MESH:*
edge_deleted	NCBITaxon:1386|increases_abundance_in|MESH:*
edge_deleted	NCBITaxon:1316412|increases_abundance_in|MESH:*
edge_deleted	NCBITaxon:1301|increases_abundance_in|MESH:*
edge_deleted	NCBITaxon:572511|decreases_abundance_in|MESH:*
edge_deleted	NCBITaxon:712888|increases_abundance_in|MESH:*
edge_deleted	NCBITaxon:57037|increases_abundance_in|MESH:*
edge_deleted	NCBITaxon:2037|increases_abundance_in|MESH:*
edge_deleted	NCBITaxon:1730|decreases_abundance_in|MESH:*
edge_deleted	NCBITaxon:201174|increases_abundance_in|MESH:*
edge_deleted	NCBITaxon:33042|increases_abundance_in|MESH:*
edge_deleted	NCBITaxon:1350|decreases_abundance_in|MESH:*
edge_deleted	NCBITaxon:33959|decreases_abundance_in|MESH:*
edge_deleted	NCBITaxon:433337|decreases_abundance_in|MESH:*
edge_deleted	NCBITaxon:1265|decreases_abundance_in|MESH:*
edge_deleted	NCBITaxon:46205|decreases_abundance_in|MESH:*
edge_deleted	NCBITaxon:751585|decreases_abundance_in|MESH:*
edge_deleted	NCBITaxon:174709|increases_abundance_in|MESH:*
edge_deleted	NCBITaxon:52769|increases_abundance_in|MESH:*
edge_deleted	NCBITaxon:447455|increases_abundance_in|MESH:*
edge_deleted	NCBITaxon:49546|decreases_abundance_in|MESH:*
edge_deleted	NCBITaxon:633807|decreases_abundance_in|MESH:*
edge_deleted	NCBITaxon:2137198|decreases_abundance_in|MESH:*
edge_deleted	NCBITaxon:482|decreases_abundance_in|MESH:*
edge_deleted	NCBITaxon:33035|decreases_abundance_in|MESH:*
edge_deleted	NCBITaxon:33958|decreases_abundance_in|MESH:*
edge_deleted	NCBITaxon:85004|decreases_abundance_in|MESH:*
edge_deleted	NCBITaxon:561|increases_abundance_in|MESH:*
edge_deleted	NCBITaxon:35518|increases_abundance_in|MESH:*
edge_deleted	NCBITaxon:80840|increases_abundance_in|MESH:*
edge_deleted	NCBITaxon:360807|decreases_abundance_in|MESH:*
edge_deleted	NCBITaxon:1280|decreases_abundance_in|MESH:*
edge_deleted	NCBITaxon:946234|decreases_abundance_in|MESH:*
edge_deleted	NCBITaxon:68|decreases_abundance_in|MESH:*
edge_deleted	NCBITaxon:100176|decreases_abundance_in|MESH:*
edge_deleted	NCBITaxon:39779|decreases_abundance_in|MESH:*
edge_deleted	NCBITaxon:29391|increases_abundance_in|MESH:*
edge_deleted	NCBITaxon:39948|decreases_abundance_in|MESH:*
edge_deleted	NCBITaxon:84135|increases_abundance_in|MESH:*
edge_deleted	NCBITaxon:185008|decreases_abundance_in|MESH:*
edge_deleted	NCBITaxon:1458253|increases_abundance_in|MESH:*
edge_deleted	NCBITaxon:28112|increases_abundance_in|MESH:*
edge_deleted	NCBITaxon:186802|increases_abundance_in|MESH:*
edge_deleted	NCBITaxon:1243|decreases_abundance_in|MESH:*
edge_deleted	NCBITaxon:35832|increases_abundance_in|MESH:*
edge_deleted	NCBITaxon:72293|increases_abundance_in|MESH:*
edge_deleted	NCBITaxon:95818|increases_abundance_in|MESH:*
edge_deleted	NCBITaxon:84999|increases_abundance_in|MESH:*
edge_deleted	NCBITaxon:84108|increases_abundance_in|MESH:*
edge_deleted	NCBITaxon:204458|increases_abundance_in|MESH:*
edge_deleted	NCBITaxon:34037|increases_abundance_in|MESH:*
edge_deleted	NCBITaxon:39777|increases_abundance_in|MESH:*
edge_deleted	NCBITaxon:31979|decreases_abundance_in|MESH:*
edge_deleted	NCBITaxon:572511|increases_abundance_in|MESH:*
edge_deleted	NCBITaxon:893|increases_abundance_in|MESH:*
edge_deleted	NCBITaxon:80864|decreases_abundance_in|MESH:*
edge_deleted	NCBITaxon:314580|increases_abundance_in|MESH:*
edge_deleted	NCBITaxon:28050|increases_abundance_in|MESH:*
edge_deleted	NCBITaxon:1980681|decreases_abundance_in|MESH:*
edge_deleted	NCBITaxon:292800|increases_abundance_in|MESH:*
edge_deleted	NCBITaxon:841|decreases_abundance_in|MESH:*
edge_deleted	NCBITaxon:848|increases_abundance_in|MESH:*
edge_deleted	NCBITaxon:83778|decreases_abundance_in|MESH:*
edge_deleted	NCBITaxon:486|increases_abundance_in|MESH:*
edge_deleted	NCBITaxon:1605|decreases_abundance_in|MESH:*
edge_deleted	NCBITaxon:2975519|increases_abundance_in|MESH:*
edge_deleted	NCBITaxon:171550|decreases_abundance_in|MESH:*
edge_deleted	NCBITaxon:1304|increases_abundance_in|MESH:*
edge_deleted	NCBITaxon:28133|increases_abundance_in|MESH:*
edge_deleted	NCBITaxon:848|decreases_abundance_in|MESH:*
edge_deleted	NCBITaxon:117743|decreases_abundance_in|MESH:*
edge_deleted	NCBITaxon:92793|increases_abundance_in|MESH:*
edge_deleted	NCBITaxon:1311|increases_abundance_in|MESH:*
edge_deleted	NCBITaxon:571|increases_abundance_in|MESH:*
edge_deleted	NCBITaxon:1257|increases_abundance_in|MESH:*
edge_deleted	NCBITaxon:39491|increases_abundance_in|MESH:*
edge_deleted	NCBITaxon:1302|increases_abundance_in|MESH:*
edge_deleted	NCBITaxon:310297|increases_abundance_in|MESH:*
edge_deleted	NCBITaxon:41275|increases_abundance_in|MESH:*
edge_deleted	NCBITaxon:239934|decreases_abundance_in|MESH:*
edge_deleted	NCBITaxon:1016|decreases_abundance_in|MESH:*
edge_deleted	NCBITaxon:39779|increases_abundance_in|MESH:*
edge_deleted	NCBITaxon:1508657|decreases_abundance_in|MESH:*
edge_deleted	NCBITaxon:841|increases_abundance_in|MESH:*
edge_deleted	NCBITaxon:133925|increases_abundance_in|MESH:*
edge_deleted	NCBITaxon:128827|increases_abundance_in|MESH:*
edge_deleted	NCBITaxon:185291|decreases_abundance_in|MESH:*
edge_deleted	NCBITaxon:203691|increases_abundance_in|MESH:*
edge_deleted	NCBITaxon:283168|decreases_abundance_in|MESH:*
edge_deleted	NCBITaxon:39485|decreases_abundance_in|MESH:*
edge_deleted	NCBITaxon:203692|increases_abundance_in|MESH:*
edge_deleted	NCBITaxon:194924|decreases_abundance_in|MESH:*
edge_deleted	NCBITaxon:100883|increases_abundance_in|MESH:*
edge_deleted	NCBITaxon:662|decreases_abundance_in|MESH:*
edge_deleted	NCBITaxon:1352|decreases_abundance_in|MESH:*
edge_deleted	NCBITaxon:49184|decreases_abundance_in|MESH:*
edge_deleted	NCBITaxon:1313211|decreases_abundance_in|MESH:*
edge_deleted	NCBITaxon:31979|increases_abundance_in|MESH:*
edge_deleted	NCBITaxon:1224|decreases_abundance_in|MESH:*
edge_deleted	NCBITaxon:119852|increases_abundance_in|MESH:*
edge_deleted	NCBITaxon:33039|decreases_abundance_in|MESH:*
edge_deleted	NCBITaxon:283168|increases_abundance_in|MESH:*
edge_deleted	NCBITaxon:90964|decreases_abundance_in|MESH:*
edge_deleted	NCBITaxon:100883|decreases_abundance_in|MESH:*
edge_deleted	NCBITaxon:1283313|decreases_abundance_in|MESH:*
edge_deleted	NCBITaxon:186807|increases_abundance_in|MESH:*
edge_deleted	NCBITaxon:909932|decreases_abundance_in|MESH:*
edge_added_reattached	NCBITaxon:265975|decreases_abundance_in|MESH:D010518
edge_added_reattached	NCBITaxon:267894|decreases_abundance_in|MESH:D010518
edge_added_reattached	NCBITaxon:135625|decreases_abundance_in|MESH:D010518
edge_added_reattached	NCBITaxon:29391|increases_abundance_in|MESH:D005891
edge_added_reattached	NCBITaxon:596499|decreases_abundance_in|MESH:D010518
edge_added_reattached	NCBITaxon:1386|increases_abundance_in|MESH:D003093
edge_added_reattached	NCBITaxon:815|increases_abundance_in|MESH:D010518
edge_added_reattached	NCBITaxon:200644|decreases_abundance_in|MESH:D010518
edge_added_reattached	NCBITaxon:1279|decreases_abundance_in|MESH:D001323
edge_added_reattached	NCBITaxon:166486|decreases_abundance_in|MESH:D011480
edge_added_reattached	NCBITaxon:747|decreases_abundance_in|MESH:D010518
edge_added_reattached	NCBITaxon:641|decreases_abundance_in|MESH:D010518
edge_added_reattached	NCBITaxon:28133|increases_abundance_in|MESH:D005891
edge_added_reattached	NCBITaxon:1591|decreases_abundance_in|MESH:D010361
edge_added_reattached	NCBITaxon:157692|increases_abundance_in|MESH:D005891
edge_added_reattached	NCBITaxon:547|increases_abundance_in|MESH:D010518
edge_added_reattached	NCBITaxon:909932|decreases_abundance_in|MESH:D010518
edge_added_reattached	NCBITaxon:1350|increases_abundance_in|MESH:D000067011
edge_added_reattached	NCBITaxon:84999|decreases_abundance_in|MESH:D000856
edge_added_reattached	NCBITaxon:526525|increases_abundance_in|MESH:D010518
edge_added_reattached	NCBITaxon:216851|increases_abundance_in|MESH:D000856
edge_added_reattached	NCBITaxon:1955243|increases_abundance_in|MESH:D015658
edge_added_reattached	NCBITaxon:1056807|increases_abundance_in|MESH:D005891
edge_added_reattached	NCBITaxon:49546|decreases_abundance_in|MESH:D010518
edge_added_reattached	NCBITaxon:543|increases_abundance_in|MESH:D010518
edge_added_reattached	NCBITaxon:1129771|increases_abundance_in|MESH:D010518
edge_added_reattached	NCBITaxon:1003367|decreases_abundance_in|MESH:D011480
edge_added_reattached	NCBITaxon:502|increases_abundance_in|MESH:D005891
edge_added_reattached	NCBITaxon:283168|decreases_abundance_in|MESH:D003092
edge_added_reattached	NCBITaxon:186803|decreases_abundance_in|MESH:D000067011
edge_added_reattached	NCBITaxon:67572|decreases_abundance_in|MESH:D010518
edge_added_reattached	NCBITaxon:447454|increases_abundance_in|MESH:D005891
edge_added_reattached	NCBITaxon:2049|decreases_abundance_in|MESH:D000856
edge_added_reattached	NCBITaxon:1427378|decreases_abundance_in|MESH:D002784
edge_added_reattached	NCBITaxon:31957|increases_abundance_in|MESH:D010518
edge_added_reattached	NCBITaxon:2137198|decreases_abundance_in|MESH:D010518
edge_added_reattached	NCBITaxon:206351|decreases_abundance_in|MESH:D010518
edge_added_reattached	NCBITaxon:712|decreases_abundance_in|MESH:D000067011
edge_added_reattached	NCBITaxon:1003367|decreases_abundance_in|MESH:D015658
edge_added_reattached	NCBITaxon:218538|increases_abundance_in|MESH:D005891
edge_added_reattached	NCBITaxon:481|decreases_abundance_in|MESH:D010518
edge_added_reattached	NCBITaxon:2086|decreases_abundance_in|MESH:D013514
edge_added_reattached	NCBITaxon:1743|increases_abundance_in|MESH:D010518
edge_added_reattached	NCBITaxon:633701|increases_abundance_in|MESH:D005891
edge_added_reattached	NCBITaxon:1239|decreases_abundance_in|MESH:D000856
edge_added_reattached	NCBITaxon:596498|decreases_abundance_in|MESH:D010518
edge_added_reattached	NCBITaxon:584783|decreases_abundance_in|MESH:D015658
edge_added_reattached	NCBITaxon:28025|increases_abundance_in|MESH:D007938
edge_added_reattached	NCBITaxon:1301|decreases_abundance_in|MESH:D015658
edge_added_reattached	NCBITaxon:906|decreases_abundance_in|MESH:D010518
edge_added_reattached	NCBITaxon:1898207|increases_abundance_in|MESH:D011480
edge_added_reattached	NCBITaxon:489|increases_abundance_in|MESH:D005891
edge_added_reattached	NCBITaxon:853|decreases_abundance_in|MESH:D011480
edge_added_reattached	NCBITaxon:28135|increases_abundance_in|MESH:D005891
edge_added_reattached	NCBITaxon:84111|increases_abundance_in|MESH:D011480
edge_added_reattached	NCBITaxon:186802|increases_abundance_in|MESH:D000856
edge_added_reattached	NCBITaxon:1385|increases_abundance_in|MESH:D010518
edge_added_reattached	NCBITaxon:486|increases_abundance_in|MESH:D005891
edge_added_reattached	NCBITaxon:72274|decreases_abundance_in|MESH:D011480
edge_added_reattached	NCBITaxon:201174|increases_abundance_in|MESH:D010518
edge_added_reattached	NCBITaxon:487|increases_abundance_in|MESH:D005891
edge_added_reattached	NCBITaxon:46503|increases_abundance_in|MESH:D015658
edge_added_reattached	NCBITaxon:39485|decreases_abundance_in|MESH:D011480
edge_added_reattached	NCBITaxon:186802|increases_abundance_in|MESH:D010518
edge_added_reattached	NCBITaxon:216572|increases_abundance_in|MESH:D000856
edge_added_reattached	NCBITaxon:84999|increases_abundance_in|MESH:D000856
edge_added_reattached	NCBITaxon:1243|decreases_abundance_in|MESH:D010518
edge_added_reattached	NCBITaxon:1743|increases_abundance_in|MESH:D003093
edge_added_reattached	NCBITaxon:91061|decreases_abundance_in|MESH:D000856
edge_added_reattached	NCBITaxon:488|increases_abundance_in|MESH:D005891
edge_added_reattached	NCBITaxon:186803|increases_abundance_in|MESH:D011480
edge_added_reattached	NCBITaxon:157691|increases_abundance_in|MESH:D005891
edge_added_reattached	NCBITaxon:84999|increases_abundance_in|MESH:D010518
edge_added_reattached	NCBITaxon:1350|decreases_abundance_in|MESH:D010518
edge_added_reattached	NCBITaxon:1578|decreases_abundance_in|MESH:D001323
edge_added_reattached	NCBITaxon:872|increases_abundance_in|MESH:D015658
edge_added_reattached	NCBITaxon:1485|increases_abundance_in|MESH:D010518
edge_added_reattached	NCBITaxon:976|increases_abundance_in|MESH:D050154
edge_added_reattached	NCBITaxon:204458|increases_abundance_in|MESH:D010518
edge_added_reattached	NCBITaxon:1301|increases_abundance_in|MESH:D003093
edge_added_reattached	NCBITaxon:76892|increases_abundance_in|MESH:D010518
edge_added_reattached	NCBITaxon:186803|increases_abundance_in|MESH:D015658
edge_added_reattached	NCBITaxon:469|increases_abundance_in|MESH:D003093
edge_added_reattached	NCBITaxon:201174|increases_abundance_in|MESH:D004761
edge_added_reattached	NCBITaxon:186801|increases_abundance_in|MESH:D000856
edge_added_reattached	NCBITaxon:572511|increases_abundance_in|MESH:D000856
edge_added_reattached	NCBITaxon:171551|decreases_abundance_in|MESH:D000856
edge_added_reattached	NCBITaxon:213115|increases_abundance_in|MESH:D015658
edge_added_reattached	NCBITaxon:84107|increases_abundance_in|MESH:D010518
edge_added_reattached	NCBITaxon:1263|increases_abundance_in|MESH:D000856
edge_added_reattached	NCBITaxon:1311|increases_abundance_in|MESH:D005891
edge_added_reattached	NCBITaxon:572511|increases_abundance_in|MESH:D010518
edge_added_reattached	NCBITaxon:272548|increases_abundance_in|MESH:D005891
edge_added_reattached	NCBITaxon:483|increases_abundance_in|MESH:D005891
edge_added_reattached	NCBITaxon:816|increases_abundance_in|MESH:D007938
edge_added_reattached	NCBITaxon:171552|decreases_abundance_in|MESH:D000067011
edge_added_reattached	NCBITaxon:174708|increases_abundance_in|MESH:D003924
edge_added_reattached	NCBITaxon:216572|decreases_abundance_in|MESH:D003092
edge_added_reattached	NCBITaxon:714|increases_abundance_in|MESH:D005891
edge_added_reattached	NCBITaxon:490|increases_abundance_in|MESH:D005891
edge_added_reattached	NCBITaxon:28050|increases_abundance_in|MESH:D000856
edge_added_reattached	NCBITaxon:28138|increases_abundance_in|MESH:D003093
edge_added_reattached	NCBITaxon:35517|increases_abundance_in|MESH:D005891
edge_added_reattached	NCBITaxon:1655|increases_abundance_in|MESH:D005891
edge_added_reattached	NCBITaxon:171552|decreases_abundance_in|MESH:D011480
edge_added_reattached	NCBITaxon:1582879|increases_abundance_in|MESH:D010518
edge_added_reattached	NCBITaxon:204286|decreases_abundance_in|MESH:D010518
edge_added_reattached	NCBITaxon:186826|decreases_abundance_in|MESH:D000856
edge_added_reattached	NCBITaxon:189330|increases_abundance_in|MESH:D010518
edge_added_reattached	NCBITaxon:186803|increases_abundance_in|MESH:D002784
edge_added_reattached	NCBITaxon:171549|increases_abundance_in|MESH:D000856
edge_added_reattached	NCBITaxon:745|decreases_abundance_in|MESH:D010518
edge_added_reattached	NCBITaxon:1508657|decreases_abundance_in|MESH:D013514
edge_added_reattached	NCBITaxon:46125|increases_abundance_in|MESH:D005891
edge_added_reattached	NCBITaxon:204457|decreases_abundance_in|MESH:D011480
edge_added_reattached	NCBITaxon:572511|increases_abundance_in|MESH:D003093
edge_added_reattached	NCBITaxon:816|increases_abundance_in|MESH:D010518
edge_added_reattached	NCBITaxon:838|decreases_abundance_in|MESH:D011480
edge_added_reattached	NCBITaxon:840|increases_abundance_in|MESH:D005891
edge_added_reattached	NCBITaxon:375288|decreases_abundance_in|MESH:D000856
edge_added_reattached	NCBITaxon:1496|decreases_abundance_in|MESH:D003015
edge_added_reattached	NCBITaxon:574697|increases_abundance_in|MESH:D013514
edge_added_reattached	NCBITaxon:28449|increases_abundance_in|MESH:D005891
edge_added_reattached	NCBITaxon:851|increases_abundance_in|MESH:D005891
edge_added_reattached	NCBITaxon:1279|increases_abundance_in|MESH:D001323
edge_added_reattached	NCBITaxon:1279|decreases_abundance_in|MESH:D010518
edge_added_reattached	NCBITaxon:216572|decreases_abundance_in|MESH:D000067011
edge_added_reattached	NCBITaxon:1383|increases_abundance_in|MESH:D005891
edge_added_reattached	NCBITaxon:286|decreases_abundance_in|MESH:D011480
edge_added_reattached	NCBITaxon:1392389|increases_abundance_in|MESH:D003093
edge_added_reattached	NCBITaxon:28132|increases_abundance_in|MESH:D005891
edge_added_reattached	NCBITaxon:909929|increases_abundance_in|MESH:D015658
edge_added_reattached	NCBITaxon:171551|increases_abundance_in|MESH:D000856
edge_added_reattached	NCBITaxon:105335|decreases_abundance_in|MESH:D011480
edge_added_reattached	NCBITaxon:1506577|decreases_abundance_in|MESH:D002784
edge_added_reattached	NCBITaxon:137|increases_abundance_in|MESH:D010518
edge_added_reattached	NCBITaxon:976|increases_abundance_in|MESH:D000856
edge_added_reattached	NCBITaxon:1239|decreases_abundance_in|MESH:D004761
edge_added_reattached	NCBITaxon:286|increases_abundance_in|MESH:D010518
edge_added_reattached	NCBITaxon:712|decreases_abundance_in|MESH:D010518
edge_added_reattached	NCBITaxon:102148|increases_abundance_in|MESH:D005891
edge_added_reattached	NCBITaxon:109328|increases_abundance_in|MESH:D005891
edge_added_reattached	NCBITaxon:31979|increases_abundance_in|MESH:D013514
edge_added_reattached	NCBITaxon:360807|decreases_abundance_in|MESH:D011480
edge_added_reattached	NCBITaxon:447456|increases_abundance_in|MESH:D005891
edge_added_reattached	NCBITaxon:194843|decreases_abundance_in|MESH:D013514
edge_added_reattached	NCBITaxon:739|increases_abundance_in|MESH:D005891
edge_added_reattached	NCBITaxon:1506553|increases_abundance_in|MESH:D004761
edge_added_reattached	NCBITaxon:53419|increases_abundance_in|MESH:D005891
edge_added_reattached	NCBITaxon:174708|increases_abundance_in|MESH:D050154
edge_added_reattached	NCBITaxon:589437|increases_abundance_in|MESH:D005891
edge_added_reattached	NCBITaxon:135623|decreases_abundance_in|MESH:D010518
edge_added_reattached	NCBITaxon:1573535|increases_abundance_in|MESH:D010518
edge_added_reattached	NCBITaxon:40542|increases_abundance_in|MESH:D005891
edge_added_reattached	NCBITaxon:123375|decreases_abundance_in|MESH:D011480
edge_added_reattached	NCBITaxon:31977|decreases_abundance_in|MESH:D010518
edge_added_reattached	NCBITaxon:34104|increases_abundance_in|MESH:D010518
edge_added_reattached	NCBITaxon:33958|increases_abundance_in|MESH:D010518
edge_added_reattached	NCBITaxon:209|increases_abundance_in|MESH:D003093
edge_added_reattached	NCBITaxon:128827|increases_abundance_in|MESH:D010518
edge_added_reattached	NCBITaxon:203691|increases_abundance_in|MESH:D010518
edge_added_reattached	NCBITaxon:72763|increases_abundance_in|MESH:D010518
edge_added_reattached	NCBITaxon:447455|increases_abundance_in|MESH:D005891
edge_added_reattached	NCBITaxon:286|increases_abundance_in|MESH:D003093
edge_added_reattached	NCBITaxon:1659|increases_abundance_in|MESH:D005891
edge_added_reattached	NCBITaxon:496|increases_abundance_in|MESH:D005891
edge_added_reattached	NCBITaxon:52225|decreases_abundance_in|MESH:D010518
edge_added_reattached	NCBITaxon:1265|decreases_abundance_in|MESH:D011480
edge_added_reattached	NCBITaxon:2093824|increases_abundance_in|MESH:D005891
edge_added_reattached	NCBITaxon:375288|increases_abundance_in|MESH:D000856
edge_added_reattached	NCBITaxon:52768|increases_abundance_in|MESH:D005891
edge_added_reattached	NCBITaxon:484|increases_abundance_in|MESH:D005891
edge_added_reattached	NCBITaxon:1265|decreases_abundance_in|MESH:D015658
edge_added_reattached	NCBITaxon:171552|increases_abundance_in|MESH:D001323
edge_added_reattached	NCBITaxon:1352|decreases_abundance_in|MESH:D010518
edge_added_reattached	NCBITaxon:2047|increases_abundance_in|MESH:D005891
edge_added_reattached	NCBITaxon:216572|decreases_abundance_in|MESH:D013514
edge_added_reattached	NCBITaxon:1300|decreases_abundance_in|MESH:D000856
edge_added_reattached	NCBITaxon:28136|increases_abundance_in|MESH:D005891
edge_added_reattached	NCBITaxon:544581|increases_abundance_in|MESH:D005891
edge_added_reattached	NCBITaxon:204|increases_abundance_in|MESH:D005891
edge_added_reattached	NCBITaxon:28137|increases_abundance_in|MESH:D005891
edge_added_reattached	NCBITaxon:1578|increases_abundance_in|MESH:D001323
edge_added_reattached	NCBITaxon:84107|increases_abundance_in|MESH:D015658
edge_added_reattached	NCBITaxon:433337|decreases_abundance_in|MESH:D050154
edge_added_reattached	NCBITaxon:1872421|increases_abundance_in|MESH:D007938
edge_added_reattached	NCBITaxon:1300|decreases_abundance_in|MESH:D010518
edge_added_reattached	NCBITaxon:712888|increases_abundance_in|MESH:D005891
edge_added_reattached	NCBITaxon:194924|increases_abundance_in|MESH:D015658
edge_added_reattached	NCBITaxon:90964|decreases_abundance_in|MESH:D010518
edge_added_reattached	NCBITaxon:28131|increases_abundance_in|MESH:D005891
edge_added_reattached	NCBITaxon:2718|increases_abundance_in|MESH:D005891
edge_added_reattached	NCBITaxon:33042|increases_abundance_in|MESH:D002784
edge_added_reattached	NCBITaxon:171552|increases_abundance_in|MESH:D007938
edge_added_reattached	NCBITaxon:207244|increases_abundance_in|MESH:D000856
edge_added_reattached	NCBITaxon:216572|decreases_abundance_in|MESH:D007938
edge_added_reattached	NCBITaxon:292800|increases_abundance_in|MESH:D011480
edge_added_reattached	NCBITaxon:1485|increases_abundance_in|MESH:D002784
edge_added_reattached	NCBITaxon:117743|decreases_abundance_in|MESH:D010518
edge_added_reattached	NCBITaxon:1003372|decreases_abundance_in|MESH:D015658
edge_added_reattached	NCBITaxon:2049040|increases_abundance_in|MESH:D007938
edge_added_reattached	NCBITaxon:1257|increases_abundance_in|MESH:D010518
edge_added_reattached	NCBITaxon:1750|increases_abundance_in|MESH:D005891
edge_added_reattached	NCBITaxon:225842|decreases_abundance_in|MESH:D010518
edge_added_reattached	NCBITaxon:1747|increases_abundance_in|MESH:D005891
edge_added_reattached	NCBITaxon:200643|increases_abundance_in|MESH:D000856
edge_added_reattached	NCBITaxon:439703|increases_abundance_in|MESH:D005891
edge_added_reattached	NCBITaxon:41275|increases_abundance_in|MESH:D010518
edge_added_reattached	NCBITaxon:228604|increases_abundance_in|MESH:D005891
edge_added_reattached	NCBITaxon:1288121|decreases_abundance_in|MESH:D011480
edge_added_reattached	NCBITaxon:216572|decreases_abundance_in|MESH:D000856
edge_added_reattached	NCBITaxon:91347|increases_abundance_in|MESH:D010518
edge_added_reattached	NCBITaxon:100176|decreases_abundance_in|MESH:D015658
edge_added_reattached	NCBITaxon:186333|decreases_abundance_in|MESH:D013514
edge_added_reattached	NCBITaxon:239759|increases_abundance_in|MESH:D003093
edge_added_reattached	NCBITaxon:39779|decreases_abundance_in|MESH:D015658
edge_added_reattached	NCBITaxon:526524|increases_abundance_in|MESH:D010518
edge_added_reattached	NCBITaxon:2030927|decreases_abundance_in|MESH:D015658
edge_added_reattached	NCBITaxon:133925|increases_abundance_in|MESH:D010518
edge_added_reattached	NCBITaxon:135622|decreases_abundance_in|MESH:D010518
edge_added_reattached	NCBITaxon:186803|increases_abundance_in|MESH:D000856
edge_added_reattached	NCBITaxon:2742|decreases_abundance_in|MESH:D010518
edge_added_reattached	NCBITaxon:1940338|increases_abundance_in|MESH:D003093
edge_added_reattached	NCBITaxon:1288121|decreases_abundance_in|MESH:D015658
edge_added_reattached	NCBITaxon:52769|increases_abundance_in|MESH:D005891
edge_added_reattached	NCBITaxon:203692|increases_abundance_in|MESH:D010518
edge_added_reattached	NCBITaxon:539|increases_abundance_in|MESH:D005891
edge_added_reattached	NCBITaxon:841|decreases_abundance_in|MESH:D003092
edge_added_reattached	NCBITaxon:186803|increases_abundance_in|MESH:D010518
edge_added_reattached	NCBITaxon:60133|increases_abundance_in|MESH:D005891
edge_added_reattached	NCBITaxon:69823|increases_abundance_in|MESH:D005891
edge_added_reattached	NCBITaxon:31979|decreases_abundance_in|MESH:D000067011
edge_added_reattached	NCBITaxon:1239|decreases_abundance_in|MESH:D050154
edge_added_reattached	NCBITaxon:100883|increases_abundance_in|MESH:D010518
edge_added_reattached	NCBITaxon:909929|decreases_abundance_in|MESH:D010518
edge_added_reattached	NCBITaxon:662|decreases_abundance_in|MESH:D010518
edge_added_reattached	NCBITaxon:815|increases_abundance_in|MESH:D007938
edge_added_reattached	NCBITaxon:2037|decreases_abundance_in|MESH:D011480
edge_added_reattached	NCBITaxon:286|increases_abundance_in|MESH:D015658
edge_added_reattached	NCBITaxon:31977|decreases_abundance_in|MESH:D000067011
edge_added_reattached	NCBITaxon:652708|increases_abundance_in|MESH:D005891
edge_added_reattached	NCBITaxon:1378|increases_abundance_in|MESH:D010518
edge_added_reattached	NCBITaxon:84999|increases_abundance_in|MESH:D015658
edge_added_reattached	NCBITaxon:283168|decreases_abundance_in|MESH:D004761
edge_added_reattached	NCBITaxon:1409|decreases_abundance_in|MESH:D011480
edge_added_reattached	NCBITaxon:946234|decreases_abundance_in|MESH:D002784
edge_added_reattached	NCBITaxon:1663|increases_abundance_in|MESH:D010518
edge_added_reattached	NCBITaxon:80864|decreases_abundance_in|MESH:D000067011
edge_added_reattached	NCBITaxon:2037|increases_abundance_in|MESH:D010518
edge_added_reattached	NCBITaxon:171550|increases_abundance_in|MESH:D013514
node_deleted	NCBITaxon:2810281
node_deleted	NCBITaxon:1121115
node_deleted	NCBITaxon:1279384
node_deleted	NCBITaxon:189834
node_deleted	NCBITaxon:1871016
node_deleted	NCBITaxon:751585
node_deleted	NCBITaxon:610251
node_deleted	NCBITaxon:278082
node_deleted	NCBITaxon:68
node_deleted	NCBITaxon:1158
node_deleted	NCBITaxon:1839799
node_deleted	NCBITaxon:41297
node_deleted	NCBITaxon:213121
node_deleted	MESH:*
node_deleted	NCBITaxon:314580
node_deleted	NCBITaxon:633807
node_deleted	NCBITaxon:219686
node_deleted	NCBITaxon:255528
node_deleted	NCBITaxon:185008
node_deleted	NCBITaxon:186332
node_deleted	NCBITaxon:528
node_deleted	NCBITaxon:83778
node_deleted	NCBITaxon:49184
node_deleted	NCBITaxon:189775
node_deleted	NCBITaxon:1254517
node_deleted	NCBITaxon:1298
node_deleted	NCBITaxon:28196
node_deleted	NCBITaxon:1313211
node_deleted	NCBITaxon:46254
node_deleted	NCBITaxon:1316412
node_deleted	NCBITaxon:404402
node_added	MESH:D000067011
node_added	MESH:D001323
node_added	MESH:D010361
node_added	MESH:D002784
node_added	MESH:D000856
node_added	MESH:D011480
