subject	out_degree	predicates
NCBITaxon:166486	268	decreases_abundance_in, increases_abundance_in, produces, regulates_host_gene, sensitive_to
NCBITaxon:239935	266	alleviates, decreases_abundance_in, increases_abundance_in, produces, regulates_host_gene, sensitive_to
NCBITaxon:817	263	decreases_abundance_in, increases_abundance_in, produces, regulates_host_gene, sensitive_to
NCBITaxon:33039	251	decreases_abundance_in, increases_abundance_in, produces, sensitive_to
NCBITaxon:823	245	aggravates, decreases_abundance_in, increases_abundance_in, produces, regulates_host_gene, sensitive_to
NCBITaxon:33038	237	decreases_abundance_in, increases_abundance_in, produces, regulates_host_gene, sensitive_to
NCBITaxon:40520	219	decreases_abundance_in, increases_abundance_in, produces, sensitive_to
NCBITaxon:820	218	decreases_abundance_in, increases_abundance_in, produces, sensitive_to
NCBITaxon:410072	216	decreases_abundance_in, produces, sensitive_to
NCBITaxon:39485	215	decreases_abundance_in, increases_abundance_in, produces, sensitive_to
NCBITaxon:1502	214	decreases_abundance_in, increases_abundance_in, produces, sensitive_to
NCBITaxon:46503	212	decreases_abundance_in, increases_abundance_in, sensitive_to
NCBITaxon:74426	205	decreases_abundance_in, increases_abundance_in, produces, regulates_host_gene, sensitive_to
NCBITaxon:216816	204	decreases_abundance_in, increases_abundance_in, produces, regulates_host_gene, sensitive_to
NCBITaxon:818	199	biotransforms, decreases_abundance_in, increases_abundance_in, produces, regulates_host_gene, sensitive_to
NCBITaxon:40518	190	biotransforms, decreases_abundance_in, increases_abundance_in, produces, sensitive_to
NCBITaxon:301301	187	decreases_abundance_in, increases_abundance_in, produces, regulates_host_gene, sensitive_to
NCBITaxon:29466	187	decreases_abundance_in, increases_abundance_in, produces, sensitive_to
NCBITaxon:1304	185	decreases_abundance_in, increases_abundance_in, produces, regulates_host_gene, sensitive_to
NCBITaxon:28118	184	decreases_abundance_in, increases_abundance_in, produces, sensitive_to
