subject	predicate	object	source_type	pmids	years	support_count	confidence	polarity	last_updated	evidence_tier	conflict_state
NCBITaxon:1702221	alleviates	MESH:D007249	llm_extracted	42173578		1	0.8	positive	2026-10-10	C	
NCBITaxon:1496	aggravates	MESH:D007249	llm_extracted	42274808		1	0.75	positive	2026-10-10	C	
NCBITaxon:1926283	biotransforms	MESH:D005232	llm_extracted	41663002		1	0.6	positive	2026-10-10	C	
NCBITaxon:562	produces	MESH:C024139	llm_extracted	41741429		1	0.8	positive	2026-10-10	C	
NCBITaxon:1598	alleviates	MESH:D003093	llm_extracted	41371161		1	0.85	positive	2026-10-10	C	
NCBITaxon:239935	produces	MESH:D005232	llm_extracted	33350422;40845731;42279452		3	0.9	positive	2026-10-10	B	
NCBITaxon:239935	alleviates	MESH:D007249	llm_extracted	31674689;34612661;34658866;36408726;37254162;38384263;39456922;41300441;41333470		9	0.95	positive	2026-10-10	B	
NCBITaxon:33959	biotransforms	MESH:D002635	llm_extracted	41321104		1	0.9	positive	2026-10-10	C	
NCBITaxon:907	aggravates	MESH:D007249	llm_extracted	40801433		1	0.85	positive	2026-10-10	C	
NCBITaxon:853	alleviates	MESH:D063646	llm_extracted	40946805		1	0.7	positive	2026-10-10	C	
NCBITaxon:28026	alleviates	MESH:D009369	llm_extracted	40892540		1	0.7	positive	2026-10-10	C	
NCBITaxon:1496	biotransforms	MESH:D001120	llm_extracted	40671632		1	0.8	positive	2026-10-10	C	
NCBITaxon:1578	produces	MESH:D044243	llm_extracted	38728013		1	0.85	positive	2026-10-10	C	
NCBITaxon:1680	alleviates	MESH:D009369	llm_extracted	39762302		1	0.85	positive	2026-10-10	C	
NCBITaxon:106588	aggravates	MESH:D051436	llm_extracted	42508992		1	0.85	positive	2026-10-10	C	
NCBITaxon:301301	biotransforms	MESH:C004999	llm_extracted	42474088		1	0.85	positive	2026-10-10	C	
NCBITaxon:2093857	produces	MESH:D002087	llm_extracted	41500802		1	0.85	positive	2026-10-10	C	
NCBITaxon:1918611	produces	MESH:D011422	llm_extracted	42178808		1	0.85	positive	2026-10-10	C	
NCBITaxon:239935	produces	MESH:D019158	llm_extracted	41895417		1	0.9	positive	2026-10-10	C	
NCBITaxon:820	produces	MESH:C010471	llm_extracted	41826291		1	0.85	negative	2026-10-10	C	
NCBITaxon:851	aggravates	MESH:D003924	llm_extracted	41803883		1	0.9	positive	2026-10-10	C	
NCBITaxon:304207	affects	MESH:D008055	llm_extracted	41893308		1	0.6	neutral	2026-10-10	C	
NCBITaxon:837	produces	MESH:D008070	llm_extracted	28216438;32714134;33816329;33888745;35034897;38807771;39604065;41294484		8	0.85	positive	2026-10-10	B	
NCBITaxon:328814	biotransforms	MESH:D014364	llm_extracted	41928504		1	0.8	positive	2026-10-10	C	
NCBITaxon:1309	aggravates	MESH:D007249	llm_extracted	42256253		1	0.85	positive	2026-10-10	C	
NCBITaxon:816	produces	MESH:D005680	llm_extracted	42278495		1	0.75	positive	2026-10-10	C	
NCBITaxon:1613	alleviates	MESH:D007249	llm_extracted	42238885		1	0.6	positive	2026-10-10	C	
NCBITaxon:33042	produces	MESH:D005232	llm_extracted	39394230;42074015		2	0.9	positive	2026-10-10	B	
NCBITaxon:33959	alleviates	MESH:D000090862	llm_extracted	41825730		1	0.8	positive	2026-10-10	C	
NCBITaxon:239935	biotransforms	MESH:D011392	llm_extracted	41837300		1	0.85	positive	2026-10-10	C	
NCBITaxon:1796646	produces	MESH:C037652	llm_extracted	41622997		1	0.7	positive	2026-10-10	C	
NCBITaxon:29347	produces	MESH:C046230	llm_extracted	42425970		1	0.9	positive	2026-10-10	C	
NCBITaxon:853	alleviates	MESH:D002318	llm_extracted	41016544		1	0.7	positive	2026-10-10	C	
NCBITaxon:901	biotransforms	MESH:C042345	llm_extracted	42142555		1	0.9	positive	2026-10-10	C	
NCBITaxon:823	alleviates	MESH:D064420	llm_extracted	42235908		1	0.85	positive	2026-10-10	C	
NCBITaxon:165179	aggravates	MESH:D001847	llm_extracted	42418118		1	0.9	positive	2026-10-10	C	
NCBITaxon:328812	aggravates	MESH:D001168	llm_extracted	40762957		1	0.85	positive	2026-10-10	C	
NCBITaxon:158	produces	MESH:D008070	llm_extracted	39604065		1	0.8	positive	2026-10-10	C	
NCBITaxon:208479	affects	MESH:D014580	llm_extracted	40179178		1	0.8	positive	2026-10-10	C	
NCBITaxon:548	produces	MESH:D006632	llm_extracted	41723572		1	0.9	positive	2026-10-10	C	
NCBITaxon:1578	produces	MESH:D019344	llm_extracted	37042412;38444392;41161812;42360164		4	0.9	positive	2026-10-10	B	
NCBITaxon:1282	produces	MESH:C030737	llm_extracted	42608979		1	0.85	positive	2026-10-10	C	
NCBITaxon:1301	produces	MESH:D019344	llm_extracted	42466715		1	0.95	positive	2026-10-10	C	
NCBITaxon:1378	produces	MESH:D019344	llm_extracted	42466715		1	0.85	positive	2026-10-10	C	
NCBITaxon:47715	alleviates	MESH:D007249	llm_extracted	42070309		1	0.9	positive	2026-10-10	C	True
NCBITaxon:71452	produces	MESH:D001647	llm_extracted	42067625		1	0.9	positive	2026-10-10	C	
NCBITaxon:1622	alleviates	MESH:D004681	llm_extracted	29143823		1	0.9	positive	2026-10-10	C	
NCBITaxon:1678	biotransforms	MESH:C007916	llm_extracted	31776248		1	0.8	positive	2026-10-10	C	
NCBITaxon:573	aggravates	MESH:D056486	llm_extracted	34630385		1	0.7	positive	2026-10-10	C	
NCBITaxon:29465	aggravates	MESH:D001656	llm_extracted	34630385		1	0.8	positive	2026-10-10	C	
NCBITaxon:1350	aggravates	MESH:D001656	llm_extracted	34630385		1	0.7	positive	2026-10-10	C	
NCBITaxon:1352	aggravates	MESH:D001656	llm_extracted	34630385		1	0.85	positive	2026-10-10	C	
NCBITaxon:216816	biotransforms	MESH:D014364	llm_extracted	35239463		1	0.7	positive	2026-10-10	C	
NCBITaxon:818	biotransforms	MESH:C007045	llm_extracted	35982311		1	0.7	positive	2026-10-10	C	
NCBITaxon:562	produces	MESH:C000614854	llm_extracted	39406702		1	0.85	positive	2026-10-10	C	
NCBITaxon:562	produces	MESH:C030985	llm_extracted	40247632		1	0.6	positive	2026-10-10	C	
NCBITaxon:158836	affects	MESH:C036585	llm_extracted	40410832		1	0.8	positive	2026-10-10	C	
NCBITaxon:544645	produces	MESH:D013833	llm_extracted	41560354		1	0.6	positive	2026-10-10	C	
LFS:FOOD:red_meat	inhibits_growth	NCBITaxon:1357	llm_extracted	40830041		1	0.9	negative	2026-10-10	C	
NCBITaxon:1492	produces	MESH:D005232	llm_extracted	38430808;40319662		2	0.65	positive	2026-10-10	B	
NCBITaxon:1590	alleviates	MESH:D004751	llm_extracted	40481571		1	0.7	positive	2026-10-10	C	
NCBITaxon:1598	produces	MESH:C024139	llm_extracted	38646869;40342298		2	0.8	positive	2026-10-10	B	
NCBITaxon:239935	alleviates	MESH:D015431	llm_extracted	34612661;40046294		2	0.9	positive	2026-10-10	B	
NCBITaxon:1485	biotransforms	MESH:D001647	llm_extracted	39670752		1	0.85	positive	2026-10-10	C	
NCBITaxon:851	aggravates	MESH:D015212	llm_extracted	39534061		1	0.85	positive	2026-10-10	C	
NCBITaxon:626937	alleviates	MESH:D003092	llm_extracted	39294159		1	0.85	positive	2026-10-10	C	
NCBITaxon:33959	alleviates	MESH:D003092	llm_extracted	36398889;39300532		2	0.95	positive	2026-10-10	B	
NCBITaxon:1492	alleviates	MESH:D007249	llm_extracted	32553747;38336953;38430808;42753368		4	0.95	positive	2026-10-10	B	
NCBITaxon:1492	alleviates	MESH:D009369	llm_extracted	38336953		1	0.7	positive	2026-10-10	C	
NCBITaxon:1350	produces	MESH:D014439	llm_extracted	38788722		1	0.9	positive	2026-10-10	C	
NCBITaxon:1351	produces	MESH:D014439	llm_extracted	38788722		1	0.9	positive	2026-10-10	C	
NCBITaxon:1678	alleviates	MESH:D014456	llm_extracted	38528541		1	0.85	positive	2026-10-10	C	
NCBITaxon:851	aggravates	MESH:D015179	llm_extracted	38126163		1	0.7	positive	2026-10-10	C	
NCBITaxon:239759	produces	MESH:D000376	llm_extracted	38706224		1	0.8	positive	2026-10-10	C	
NCBITaxon:577309	produces	MESH:D000376	llm_extracted	38706224		1	0.75	positive	2026-10-10	C	
NCBITaxon:1492	alleviates	MESH:D063646	llm_extracted	37243376		1	0.85	positive	2026-10-10	C	
NCBITaxon:292632	produces	MESH:D002087	llm_extracted	36713166		1	0.85	positive	2026-10-10	C	
NCBITaxon:1664069	biotransforms	MESH:C470931	llm_extracted	34208885		1	0.9	positive	2026-10-10	C	
NCBITaxon:562	produces	MESH:C569566	llm_extracted	32475520;34065799;41292761		3	0.95	positive	2026-10-10	B	
NCBITaxon:501571	alleviates	MESH:D015179	llm_extracted	33101496		1	0.85	positive	2026-10-10	C	
NCBITaxon:1678	alleviates	MESH:D015179	llm_extracted	32604093		1	0.85	positive	2026-10-10	C	
NCBITaxon:562	aggravates	MESH:D063646	llm_extracted	31428633;41292761		2	0.9	positive	2026-10-10	B	
NCBITaxon:1598	alleviates	MESH:D010518	llm_extracted	41274019		1	0.85	positive	2026-10-10	C	
NCBITaxon:1578	alleviates	MESH:D009765	llm_extracted	41291317		1	0.85	positive	2026-10-10	C	
NCBITaxon:33959	aggravates	MESH:D008107	llm_extracted	41277976		1	0.8	positive	2026-10-10	C	
NCBITaxon:837	aggravates	MESH:D003072	llm_extracted	41013190		1	0.7	positive	2026-10-10	C	
NCBITaxon:1115758	produces	MESH:D005947	llm_extracted	40571109		1	0.75	positive	2026-10-10	C	
LFS:FOOD:prebiotic	promotes_growth	NCBITaxon:1578	llm_extracted	34314156;36542391;40895066		3	0.95	positive	2026-10-10	B	
NCBITaxon:1280	produces	MESH:D000597	llm_extracted	40138872		1	0.85	positive	2026-10-10	C	
NCBITaxon:1280	aggravates	MESH:D003924	llm_extracted	40138872		1	0.75	positive	2026-10-10	C	
NCBITaxon:1280	aggravates	MESH:D007333	llm_extracted	40138872		1	0.85	positive	2026-10-10	C	
NCBITaxon:1678	produces	MESH:C030374	llm_extracted	36937300		1	0.8	positive	2026-10-10	C	
NCBITaxon:239935	alleviates	MESH:D005234	llm_extracted	35928144;40041901		2	0.9	positive	2026-10-10	B	
NCBITaxon:1578	alleviates	MESH:D064806	llm_extracted	35761655		1	0.6	positive	2026-10-10	C	
NCBITaxon:239935	alleviates	MESH:D017093	llm_extracted	34549998		1	0.75	positive	2026-10-10	C	
NCBITaxon:28118	produces	MESH:D008050	llm_extracted	33281770		1	0.7	positive	2026-10-10	C	
NCBITaxon:28118	produces	MESH:D008070	llm_extracted	33281770		1	0.8	positive	2026-10-10	C	
NCBITaxon:1583	produces	MESH:D000085	llm_extracted	26858714		1	0.85	positive	2026-10-10	C	
NCBITaxon:239935	alleviates	MESH:D043183	llm_extracted	41716272		1	0.9	positive	2026-10-10	C	
NCBITaxon:584	produces	MESH:D011765	llm_extracted	40944668		1	0.9	positive	2026-10-10	C	
NCBITaxon:239935	alleviates	MESH:D000090862	llm_extracted	41223008		1	0.9	positive	2026-10-10	C	
NCBITaxon:85831	produces	MESH:D020148	llm_extracted	41814703		1	0.6	positive	2026-10-10	C	
NCBITaxon:818	produces	MESH:C030374	llm_extracted	40852987		1	0.8	positive	2026-10-10	C	
NCBITaxon:562	produces	MESH:C018976	llm_extracted	40913049		1	0.8	positive	2026-10-10	C	
NCBITaxon:872	produces	MESH:D006862	llm_extracted	36995383;40790298		2	0.95	positive	2026-10-10	B	
NCBITaxon:820	alleviates	MESH:D003866	llm_extracted	40738889		1	0.7	positive	2026-10-10	C	
NCBITaxon:1352	produces	MESH:D005232	llm_extracted	39451408		1	0.6	positive	2026-10-10	C	
LFS:FOOD:prebiotic	promotes_growth	NCBITaxon:46255	llm_extracted	38918717		1	0.9	positive	2026-10-10	C	
NCBITaxon:837	aggravates	MESH:D007249	llm_extracted	24866802;26218067;27576340;28216438;31370775;32224547;32560235;33816329;35244967;35463645;38243562;42486578		12	0.88	positive	2026-10-10	B	
NCBITaxon:821	produces	MESH:D011134	llm_extracted	34803940		1	0.6	positive	2026-10-10	C	
NCBITaxon:470	biotransforms	MESH:D002331	llm_extracted	33180358		1	0.9	positive	2026-10-10	C	
NCBITaxon:747656	aggravates	MESH:D003872	llm_extracted	32392785		1	0.9	positive	2026-10-10	C	
NCBITaxon:470565	alleviates	MESH:D007249	llm_extracted	30984162		1	0.7	positive	2026-10-10	C	
NCBITaxon:817	alleviates	MESH:D003711	llm_extracted	25043484		1	0.85	positive	2026-10-10	C	
NCBITaxon:817	alleviates	MESH:D007249	llm_extracted	25043484		1	0.75	positive	2026-10-10	C	
NCBITaxon:239935	alleviates	MESH:D006528	llm_extracted	42724514		1	0.85	positive	2026-10-10	C	
NCBITaxon:853	alleviates	MESH:D003929	llm_extracted	42264216		1	0.7	positive	2026-10-10	C	
NCBITaxon:1351	aggravates	MESH:D009369	llm_extracted	42310938		1	0.85	positive	2026-10-10	C	
NCBITaxon:1496	produces	MESH:C032538	llm_extracted	40698931;41915823		2	0.9	positive	2026-10-10	B	
NCBITaxon:1280	aggravates	MESH:D007249	llm_extracted	30736471;32130897;41642004		3	0.85	positive	2026-10-10	B	
NCBITaxon:830	alleviates	MESH:D005879	llm_extracted	41877865		1	0.8	positive	2026-10-10	C	
NCBITaxon:39948	aggravates	MESH:D005879	llm_extracted	41877865		1	0.85	positive	2026-10-10	C	
NCBITaxon:838	produces	MESH:D002087	llm_extracted	42729542		1	0.8	positive	2026-10-10	C	
NCBITaxon:820	biotransforms	MESH:D014364	llm_extracted	42182364		1	0.85	positive	2026-10-10	C	
NCBITaxon:1578	produces	MESH:D005232	llm_extracted	38780275;39727670;41222846		3	0.9	positive	2026-10-10	B	
NCBITaxon:1678	produces	MESH:D005232	llm_extracted	36207740;38755201;41222846		3	0.95	positive	2026-10-10	B	
NCBITaxon:1685	produces	MESH:D005232	llm_extracted	42197336		1	0.6	positive	2026-10-10	C	
NCBITaxon:33959	produces	MESH:D011422	llm_extracted	41558076		1	0.9	positive	2026-10-10	C	
NCBITaxon:33959	produces	MESH:D006897	llm_extracted	41558076		1	0.8	positive	2026-10-10	C	
NCBITaxon:174709	produces	MESH:D005232	llm_extracted	41756358		1	0.6	positive	2026-10-10	C	
NCBITaxon:1678	produces	MESH:D014812	llm_extracted	41769659		1	0.9	positive	2026-10-10	C	
NCBITaxon:1599	produces	MESH:D011765	llm_extracted	41513743		1	0.8	positive	2026-10-10	C	
NCBITaxon:1622	produces	MESH:D005232	llm_extracted	41606925		1	0.75	positive	2026-10-10	C	
NCBITaxon:1773	biotransforms	MESH:D013256	llm_extracted	40952134		1	0.8	positive	2026-10-10	C	
NCBITaxon:55509	produces	MESH:D005232	llm_extracted	41122457		1	0.7	positive	2026-10-10	C	
NCBITaxon:1390	produces	MESH:D010626	llm_extracted	42735517		1	0.7	positive	2026-10-10	C	
NCBITaxon:158846	produces	MESH:D005232	llm_extracted	41106736		1	0.85	positive	2026-10-10	C	
NCBITaxon:1578	alleviates	MESH:D006209	llm_extracted	41323139		1	0.6	positive	2026-10-10	C	
NCBITaxon:562	aggravates	MESH:D007249	llm_extracted	29494278;32586195;32691669;33539767;36809030;39926224		6	0.95	positive	2026-10-10	B	
NCBITaxon:375288	biotransforms	MESH:D000085982	llm_extracted	39581420		1	0.8	positive	2026-10-10	C	
LFS:FOOD:legume	promotes_growth	NCBITaxon:216851	llm_extracted	39607793		1	0.9	positive	2026-10-10	C	
NCBITaxon:853	produces	MESH:D005232	llm_extracted	39125398		1	0.8	positive	2026-10-10	C	
NCBITaxon:1578	produces	MESH:D005680	llm_extracted	39035457		1	0.85	positive	2026-10-10	C	
NCBITaxon:885	aggravates	MESH:D005234	llm_extracted	40044736		1	0.85	positive	2026-10-10	C	
NCBITaxon:885	aggravates	MESH:D007249	llm_extracted	40044736		1	0.9	positive	2026-10-10	C	
NCBITaxon:5475	aggravates	MESH:D007249	llm_extracted	33101279;35806054		2	0.9	positive	2026-10-10	B	
NCBITaxon:5475	aggravates	MESH:D009102	llm_extracted	33101279		1	0.85	positive	2026-10-10	C	
NCBITaxon:5475	aggravates	MESH:D019446	llm_extracted	33101279		1	0.85	positive	2026-10-10	C	
NCBITaxon:1872530	produces	MESH:D002087	llm_extracted	29327584		1	0.6	positive	2026-10-10	C	
NCBITaxon:357447	produces	MESH:C045354	llm_extracted	41524424		1	0.85	positive	2026-10-10	C	
NCBITaxon:1578	alleviates	MESH:D003924	llm_extracted	38292634		1	0.85	positive	2026-10-10	C	
NCBITaxon:1580	alleviates	MESH:D003924	llm_extracted	37234174		1	0.9	positive	2026-10-10	C	
NCBITaxon:1578	alleviates	MESH:D007249	llm_extracted	29409331;34764887;36555774;38625681		4	0.95	positive	2026-10-10	B	
LFS:FOOD:whole_grain	promotes_growth	NCBITaxon:4932	llm_extracted	35851065		1	0.9	positive	2026-10-10	C	
NCBITaxon:216816	affects	MESH:D018698	llm_extracted	35458177		1	0.75	positive	2026-10-10	C	
NCBITaxon:837	aggravates	MESH:D063646	llm_extracted	41759338		1	0.85	positive	2026-10-10	C	
NCBITaxon:5476	biotransforms	MESH:D014994	llm_extracted	41668803		1	0.6	neutral	2026-10-10	C	
NCBITaxon:1305	produces	MESH:D006861	llm_extracted	22848782;30341079;30894650;36645283;38130629;40558055		6	0.95	positive	2026-10-10	B	
NCBITaxon:724	produces	MESH:D000641	llm_extracted	40005646		1	0.8	positive	2026-10-10	C	
NCBITaxon:482	produces	MESH:D000641	llm_extracted	40005646		1	0.8	positive	2026-10-10	C	
NCBITaxon:1309	biotransforms	MESH:D010710	llm_extracted	39590416		1	0.7	positive	2026-10-10	C	
NCBITaxon:1747	consumes	MESH:D006147	llm_extracted	41646428		1	0.7	positive	2026-10-10	C	
NCBITaxon:1282	aggravates	MESH:D018805	llm_extracted	40706250		1	0.6	positive	2026-10-10	C	
NCBITaxon:1280	aggravates	MESH:D007239	llm_extracted	40666801		1	0.85	positive	2026-10-10	C	
NCBITaxon:76773	alleviates	MESH:D007249	llm_extracted	40309262		1	0.6	positive	2026-10-10	C	
NCBITaxon:1263	produces	MESH:D005232	llm_extracted	34295880;39850616		2	0.85	positive	2026-10-10	B	
NCBITaxon:1290	produces	MESH:C516951	llm_extracted	39543265		1	0.85	positive	2026-10-10	C	
NCBITaxon:38304	produces	MESH:C085319	llm_extracted	39000472		1	0.7	positive	2026-10-10	C	
NCBITaxon:1280	aggravates	MESH:D056770	llm_extracted	34909712		1	0.8	positive	2026-10-10	C	
NCBITaxon:1598	biotransforms	MESH:D014364	llm_extracted	41617211		1	0.8	positive	2026-10-10	C	
NCBITaxon:165179	produces	MESH:D019802	llm_extracted	34310928		1	0.7	positive	2026-10-10	C	
NCBITaxon:148604	produces	MESH:D009952	llm_extracted	42426928		1	0.9	positive	2026-10-10	C	
NCBITaxon:1492	alleviates	MESH:D003093	llm_extracted	37183784		1	0.8	positive	2026-10-10	C	
NCBITaxon:1590	alleviates	MESH:D003092	llm_extracted	36992690		1	0.7	positive	2026-10-10	C	
NCBITaxon:1496	aggravates	MESH:D015212	llm_extracted	32129694;32806873;36951545		3	0.9	positive	2026-10-10	B	
NCBITaxon:562	aggravates	MESH:D003111	llm_extracted	24334760		1	0.9	positive	2026-10-10	C	
NCBITaxon:32025	aggravates	MESH:D004194	llm_extracted	20944559		1	0.9	positive	2026-10-10	C	
NCBITaxon:76936	affects	MESH:D009369	llm_extracted	19149410		1	0.7	neutral	2026-10-10	C	
NCBITaxon:239935	alleviates	MESH:D003866	llm_extracted	36336146;39303815		2	0.9	positive	2026-10-10	B	
NCBITaxon:216816	alleviates	MESH:D000090862	llm_extracted	39668634		1	0.9	positive	2026-10-10	C	
NCBITaxon:1578	biotransforms	MESH:D001647	llm_extracted	27048804		1	0.75	positive	2026-10-10	C	
NCBITaxon:38284	alleviates	MESH:D065631	llm_extracted	41465485		1	0.7	positive	2026-10-10	C	
NCBITaxon:357276	biotransforms	MESH:D001647	llm_extracted	40859368		1	0.6	positive	2026-10-10	C	
NCBITaxon:580596	produces	MESH:D005232	llm_extracted	40449647		1	0.8	positive	2026-10-10	C	
NCBITaxon:1263550	aggravates	MESH:D007249	llm_extracted	40383498		1	0.8	positive	2026-10-10	C	
NCBITaxon:1578	produces	MESH:D002087	llm_extracted	40129863		1	0.9	positive	2026-10-10	C	
NCBITaxon:830	produces	MESH:D005232	llm_extracted	38322553		1	0.7	positive	2026-10-10	C	
NCBITaxon:33024	produces	MESH:D011422	llm_extracted	38176916;38695302		2	0.8	positive	2026-10-10	B	
NCBITaxon:33024	biotransforms	MESH:D019802	llm_extracted	38695302		1	0.8	positive	2026-10-10	C	
NCBITaxon:1680	produces	MESH:D005680	llm_extracted	38350464		1	0.85	positive	2026-10-10	C	
LFS:FOOD:dietary_fiber	promotes_growth	NCBITaxon:838	llm_extracted	37321707		1	0.9	positive	2026-10-10	C	
LFS:FOOD:dietary_fiber	promotes_growth	NCBITaxon:1578	llm_extracted	35834007;37321707		2	0.95	positive	2026-10-10	B	
LFS:FOOD:dietary_fiber	inhibits_growth	NCBITaxon:1502	llm_extracted	37321707		1	0.9	negative	2026-10-10	C	
LFS:FOOD:dietary_fiber	inhibits_growth	NCBITaxon:817	llm_extracted	37321707		1	0.95	negative	2026-10-10	C	
NCBITaxon:816	produces	MESH:C030737	llm_extracted	37321707		1	0.9	positive	2026-10-10	C	
NCBITaxon:817	produces	MESH:C024139	llm_extracted	37321707		1	0.85	positive	2026-10-10	C	
NCBITaxon:817	produces	MESH:D007737	llm_extracted	37321707		1	0.85	positive	2026-10-10	C	
NCBITaxon:28116	produces	MESH:C030737	llm_extracted	37321707		1	0.7	positive	2026-10-10	C	
NCBITaxon:28116	produces	MESH:D007737	llm_extracted	37321707		1	0.95	positive	2026-10-10	C	
NCBITaxon:818	produces	MESH:D007737	llm_extracted	37321707		1	0.9	positive	2026-10-10	C	
NCBITaxon:371601	produces	MESH:C024139	llm_extracted	37321707		1	0.9	positive	2026-10-10	C	
NCBITaxon:371601	produces	MESH:D007737	llm_extracted	37321707		1	0.65	positive	2026-10-10	C	
LFS:FOOD:prebiotic	inhibits_growth	NCBITaxon:1283313	llm_extracted	38661353		1	0.95	negative	2026-10-10	C	
NCBITaxon:47715	alleviates	MESH:D003920	llm_extracted	37325857		1	0.95	positive	2026-10-10	C	
NCBITaxon:1578	produces	MESH:D006861	llm_extracted	37042412		1	0.9	positive	2026-10-10	C	
NCBITaxon:2173	consumes	MESH:D006859	llm_extracted	37322527		1	0.95	positive	2026-10-10	C	
LFS:FOOD:prebiotic	promotes_growth	NCBITaxon:1678	llm_extracted	22608658;34557167;34684597;35107857;35782954;36542391;37011713;37241738		8	0.95	positive	2026-10-10	B	
LFS:FOOD:prebiotic	inhibits_growth	NCBITaxon:848	llm_extracted	36542391		1	0.95	negative	2026-10-10	C	
LFS:FOOD:prebiotic	inhibits_growth	NCBITaxon:1506553	llm_extracted	37241738		1	0.9	negative	2026-10-10	C	
NCBITaxon:1678	consumes	MESH:D009844	llm_extracted	37253778		1	0.6	positive	2026-10-10	C	
NCBITaxon:29523	produces	MESH:D005232	llm_extracted	36801222		1	0.85	positive	2026-10-10	C	
NCBITaxon:1598	alleviates	MESH:D008413	llm_extracted	37069691		1	0.95	positive	2026-10-10	C	
LFS:FOOD:prebiotic	promotes_growth	NCBITaxon:1680	llm_extracted	37049541		1	0.9	positive	2026-10-10	C	
NCBITaxon:572511	biotransforms	MESH:C017616	llm_extracted	36869464		1	0.85	positive	2026-10-10	C	
NCBITaxon:853	consumes	MESH:D007294	llm_extracted	36986043		1	0.75	positive	2026-10-10	C	
LFS:FOOD:prebiotic	inhibits_growth	NCBITaxon:209	llm_extracted	36633119		1	0.9	positive	2026-10-10	C	
NCBITaxon:1590	produces	MESH:D005680	llm_extracted	36722409;36724279;36900437		3	0.95	positive	2026-10-10	B	
LFS:FOOD:prebiotic	promotes_growth	NCBITaxon:239935	llm_extracted	36765969		1	0.9	positive	2026-10-10	C	
NCBITaxon:239935	alleviates	MESH:D056486	llm_extracted	42749008		1	0.92	positive	2026-10-10	C	
NCBITaxon:1597	biotransforms	MESH:D007444	llm_extracted	30171006		1	0.62	positive	2026-10-10	C	
NCBITaxon:1580	consumes	MESH:C570991	llm_extracted	29337072		1	0.8	positive	2026-10-10	C	
NCBITaxon:562	produces	MESH:C031420	llm_extracted	27919692		1	0.85	positive	2026-10-10	C	
NCBITaxon:1398	alleviates	MESH:D003248	llm_extracted	27464459		1	0.9	positive	2026-10-10	C	
NCBITaxon:831	produces	MESH:D002087	llm_extracted	26988895		1	0.9	positive	2026-10-10	C	
NCBITaxon:1521	produces	MESH:C549934	llm_extracted	27432247		1	0.95	positive	2026-10-10	C	
NCBITaxon:549	produces	MESH:C088069	llm_extracted	27432247		1	0.85	positive	2026-10-10	C	
NCBITaxon:1350	produces	MESH:D019344	llm_extracted	26002560		1	0.8	positive	2026-10-10	C	
NCBITaxon:1744	alleviates	MESH:D007249	llm_extracted	25150945;32156075		2	0.75	positive	2026-10-10	B	
NCBITaxon:1598	biotransforms	MESH:D009844	llm_extracted	23565659		1	0.9	positive	2026-10-10	C	
NCBITaxon:216816	produces	MESH:D019342	llm_extracted	24685554		1	0.85	positive	2026-10-10	C	
LFS:FOOD:vegetable	inhibits_growth	NCBITaxon:853	llm_extracted	22113065		1	0.9	negative	2026-10-10	C	
NCBITaxon:1309	aggravates	MESH:D009369	llm_extracted	36186905;39369210		2	0.95	positive	2026-10-10	B	
NCBITaxon:1309	aggravates	MESH:D000077195	llm_extracted	36186905;39369210		2	0.95	positive	2026-10-10	B	
NCBITaxon:1309	aggravates	MESH:D063646	llm_extracted	39369210		1	0.8	positive	2026-10-10	C	
NCBITaxon:851	biotransforms	MESH:C024343	llm_extracted	39206807		1	0.7	positive	2026-10-10	C	
NCBITaxon:851	aggravates	MESH:D010518	llm_extracted	29307651;39351058		2	0.8	positive	2026-10-10	B	
NCBITaxon:851	affects	MESH:D005891	llm_extracted	39351058		1	0.6	positive	2026-10-10	C	
NCBITaxon:714	aggravates	MESH:D010510	llm_extracted	39452709		1	0.7	positive	2026-10-10	C	
NCBITaxon:851	produces	MESH:D011166	llm_extracted	38714001		1	0.8	positive	2026-10-10	C	
NCBITaxon:851	aggravates	MESH:D010510	llm_extracted	38597503		1	0.7	positive	2026-10-10	C	
NCBITaxon:1017	aggravates	MESH:D009362	llm_extracted	36093607		1	0.9	positive	2026-10-10	C	
NCBITaxon:729	biotransforms	MESH:D009566	llm_extracted	38260892		1	0.65	positive	2026-10-10	C	
NCBITaxon:851	aggravates	MESH:D009062	llm_extracted	38138101		1	0.95	positive	2026-10-10	C	
NCBITaxon:818	consumes	MESH:D009573	llm_extracted	37314331		1	0.85	positive	2026-10-10	C	
NCBITaxon:28131	aggravates	MESH:D052439	llm_extracted	37204148		1	0.9	positive	2026-10-10	C	
NCBITaxon:28131	aggravates	MESH:D013959	llm_extracted	37204148		1	0.95	positive	2026-10-10	C	
NCBITaxon:1309	aggravates	MESH:D003731	llm_extracted	33753467;35588281;36968114		3	0.85	positive	2026-10-10	B	
NCBITaxon:837	aggravates	MESH:D010518	llm_extracted	22100158;29439598;36405968;36904068		4	0.95	positive	2026-10-10	B	
NCBITaxon:5476	aggravates	MESH:D000077195	llm_extracted	36420924		1	0.8	positive	2026-10-10	C	
NCBITaxon:5476	aggravates	MESH:D009362	llm_extracted	36420924		1	0.85	positive	2026-10-10	C	
NCBITaxon:230143	aggravates	MESH:D010518	llm_extracted	36451314		1	0.95	positive	2026-10-10	C	
NCBITaxon:851	produces	MESH:D011134	llm_extracted	36687169		1	0.7	positive	2026-10-10	C	
NCBITaxon:239935	alleviates	MESH:D000544	llm_extracted	36152776		1	0.85	positive	2026-10-10	C	
NCBITaxon:239935	alleviates	MESH:D003072	llm_extracted	36152776		1	0.95	positive	2026-10-10	C	
NCBITaxon:28131	produces	MESH:D008070	llm_extracted	36530443		1	0.85	positive	2026-10-10	C	
NCBITaxon:28112	aggravates	MESH:D010518	llm_extracted	35924866		1	0.85	positive	2026-10-10	C	
NCBITaxon:851	aggravates	MESH:D016301	llm_extracted	35391731;36188448		2	0.9	positive	2026-10-10	B	
NCBITaxon:1302	produces	MESH:D009952	llm_extracted	35852319		1	0.9	positive	2026-10-10	C	
NCBITaxon:851	affects	MESH:D011073	llm_extracted	35852319		1	0.7	positive	2026-10-10	C	
NCBITaxon:1309	produces	MESH:D055666	llm_extracted	35593892		1	0.85	positive	2026-10-10	C	
NCBITaxon:851	aggravates	MESH:D000544	llm_extracted	35813949		1	0.85	positive	2026-10-10	C	
NCBITaxon:1301	produces	MESH:C009900	llm_extracted	34448131		1	0.65	positive	2026-10-10	C	
NCBITaxon:1358	alleviates	MESH:D007249	llm_extracted	35672331		1	0.75	positive	2026-10-10	C	
NCBITaxon:43768	alleviates	MESH:D000077195	llm_extracted	35734856		1	0.85	positive	2026-10-10	C	
NCBITaxon:837	aggravates	MESH:D009369	llm_extracted	33193429;33201403;35549648;35600164		4	0.95	positive	2026-10-10	B	
NCBITaxon:837	aggravates	MESH:D009765	llm_extracted	35463645		1	0.85	positive	2026-10-10	C	
NCBITaxon:848	aggravates	MESH:D009369	llm_extracted	35335684		1	0.9	positive	2026-10-10	C	
NCBITaxon:1578	alleviates	MESH:D009369	llm_extracted	35300424		1	0.8	positive	2026-10-10	C	
NCBITaxon:1578	produces	MESH:D000085	llm_extracted	35300424		1	0.95	positive	2026-10-10	C	
NCBITaxon:1309	produces	MESH:C009435	llm_extracted	31906623;35048077		2	0.95	positive	2026-10-10	B	
NCBITaxon:1309	produces	MESH:C416127	llm_extracted	35048077		1	0.95	positive	2026-10-10	C	
NCBITaxon:848	produces	MESH:D020148	llm_extracted	34425476		1	0.9	positive	2026-10-10	C	
NCBITaxon:28131	consumes	MESH:D011374	llm_extracted	34835510		1	0.6	positive	2026-10-10	C	
NCBITaxon:837	consumes	MESH:D011374	llm_extracted	34835510		1	0.7	positive	2026-10-10	C	
NCBITaxon:5476	aggravates	MESH:D002180	llm_extracted	34463992		1	0.85	positive	2026-10-10	C	
NCBITaxon:29465	biotransforms	MESH:D002241	llm_extracted	34442854		1	0.72	positive	2026-10-10	C	
NCBITaxon:1305	aggravates	MESH:D007249	llm_extracted	34277471		1	0.8	positive	2026-10-10	C	
NCBITaxon:851	produces	MESH:D008070	llm_extracted	33197108		1	0.7	positive	2026-10-10	C	
NCBITaxon:837	aggravates	MESH:D000077277	llm_extracted	33201403		1	0.85	positive	2026-10-10	C	
NCBITaxon:851	aggravates	MESH:D009369	llm_extracted	33193429;33647328;39767682		3	0.95	positive	2026-10-10	B	
NCBITaxon:198705	affects	MESH:C020243	llm_extracted	33856291		1	0.6	neutral	2026-10-10	C	
NCBITaxon:210	aggravates	MESH:D013274	llm_extracted	28730144;33663382		2	0.92	positive	2026-10-10	B	
NCBITaxon:210	aggravates	MESH:D011230	llm_extracted	33663382		1	0.75	positive	2026-10-10	C	
NCBITaxon:47671	produces	MESH:C483858	llm_extracted	34332123		1	0.95	positive	2026-10-10	C	
NCBITaxon:837	aggravates	MESH:D014091	llm_extracted	33240277		1	0.82	positive	2026-10-10	C	
NCBITaxon:1654	produces	MESH:D009585	llm_extracted	33024169		1	0.9	positive	2026-10-10	C	
NCBITaxon:837	aggravates	MESH:D010190	llm_extracted	32824786		1	0.88	positive	2026-10-10	C	
NCBITaxon:287	aggravates	MESH:D063646	llm_extracted	32676172		1	0.6	positive	2026-10-10	C	
NCBITaxon:1279	aggravates	MESH:D007249	llm_extracted	32707845		1	0.7	positive	2026-10-10	C	
NCBITaxon:851	aggravates	MESH:D007249	llm_extracted	31370775;31737164;32105635;32224547;41161812		5	0.85	positive	2026-10-10	B	
NCBITaxon:43675	produces	MESH:D004758	llm_extracted	32345739		1	0.95	positive	2026-10-10	C	
NCBITaxon:1590	biotransforms	MESH:D019787	llm_extracted	32365716		1	0.78	positive	2026-10-10	C	
NCBITaxon:1590	alleviates	MESH:D007249	llm_extracted	32365716		1	0.8	positive	2026-10-10	C	
NCBITaxon:1598	produces	MESH:C047158	llm_extracted	32059742		1	0.85	positive	2026-10-10	C	
NCBITaxon:1598	alleviates	MESH:D007249	llm_extracted	32059742;32509162;33593426;38646869;40992648		5	0.92	positive	2026-10-10	B	
NCBITaxon:239935	alleviates	MESH:D001847	llm_extracted	31674689		1	0.9	positive	2026-10-10	C	
NCBITaxon:239935	alleviates	MESH:D016301	llm_extracted	31674689		1	0.95	positive	2026-10-10	C	
NCBITaxon:1282	aggravates	MESH:D003876	llm_extracted	32634452		1	0.75	positive	2026-10-10	C	
NCBITaxon:28035	produces	MESH:C000609985	llm_extracted	33361142		1	0.92	positive	2026-10-10	C	
NCBITaxon:1280	aggravates	MESH:D003876	llm_extracted	31292342;31553991;31986325;33669791		4	0.9	positive	2026-10-10	B	
NCBITaxon:1809	produces	MESH:C117218	llm_extracted	33580189		1	0.9	positive	2026-10-10	C	
NCBITaxon:1597	alleviates	MESH:D003876	llm_extracted	33016202		1	0.95	positive	2026-10-10	C	
NCBITaxon:1597	alleviates	MESH:D012871	llm_extracted	33016202		1	0.95	positive	2026-10-10	C	
NCBITaxon:59779	produces	MESH:D002338	llm_extracted	33113896		1	0.95	positive	2026-10-10	C	
LFS:FOOD:prebiotic	promotes_growth	NCBITaxon:838	llm_extracted	33273678		1	0.85	positive	2026-10-10	C	
NCBITaxon:207340	alleviates	MESH:D003876	llm_extracted	32908007		1	0.7	positive	2026-10-10	C	
NCBITaxon:1282	biotransforms	MESH:D002244	llm_extracted	32707723		1	0.78	positive	2026-10-10	C	
NCBITaxon:1282	biotransforms	MESH:D005990	llm_extracted	27498050;31159213;31514281;32708352		4	0.95	positive	2026-10-10	B	
NCBITaxon:642	produces	MESH:D013779	llm_extracted	32254021		1	0.9	positive	2026-10-10	C	
NCBITaxon:22	produces	MESH:D013779	llm_extracted	32254021		1	0.9	positive	2026-10-10	C	
NCBITaxon:165697	produces	MESH:D013779	llm_extracted	32254021		1	0.9	positive	2026-10-10	C	
NCBITaxon:1280	aggravates	MESH:D012871	llm_extracted	31553991		1	0.9	positive	2026-10-10	C	
NCBITaxon:1747	produces	MESH:D011166	llm_extracted	23133525;26109103;31941813		3	0.9	positive	2026-10-10	B	
NCBITaxon:33011	produces	MESH:D011166	llm_extracted	31941813		1	0.9	positive	2026-10-10	C	
NCBITaxon:33010	produces	MESH:D011166	llm_extracted	31941813		1	0.75	positive	2026-10-10	C	
NCBITaxon:1282	alleviates	MESH:D007249	llm_extracted	31514281		1	0.8	positive	2026-10-10	C	
NCBITaxon:1613	alleviates	MESH:D003872	llm_extracted	31612141		1	0.9	positive	2026-10-10	C	
NCBITaxon:1282	produces	MESH:D010100	llm_extracted	31170466		1	0.9	positive	2026-10-10	C	
NCBITaxon:1598	alleviates	MESH:D003085	llm_extracted	31017382		1	0.85	positive	2026-10-10	C	
NCBITaxon:1282	produces	MESH:D005227	llm_extracted	27982519;31159213		2	0.9	positive	2026-10-10	B	
NCBITaxon:1280	aggravates	MESH:D003872	llm_extracted	30269350		1	0.75	positive	2026-10-10	C	
NCBITaxon:1747	produces	MESH:D005232	llm_extracted	24322878;30737272		2	0.9	positive	2026-10-10	B	
NCBITaxon:1578	alleviates	MESH:D003876	llm_extracted	30738679		1	0.9	positive	2026-10-10	C	
NCBITaxon:1590	alleviates	MESH:D003876	llm_extracted	30088371		1	0.9	positive	2026-10-10	C	
NCBITaxon:1599	alleviates	MESH:D003876	llm_extracted	30154801		1	0.6	positive	2026-10-10	C	
NCBITaxon:29581	produces	MESH:C063155	llm_extracted	29119317		1	0.8	positive	2026-10-10	C	
NCBITaxon:29581	produces	MESH:D055549	llm_extracted	29119317		1	0.9	positive	2026-10-10	C	
NCBITaxon:29581	produces	MESH:C012381	llm_extracted	29119317		1	0.95	positive	2026-10-10	C	
NCBITaxon:38284	aggravates	MESH:D007249	llm_extracted	29382696		1	0.95	positive	2026-10-10	C	
NCBITaxon:287	produces	MESH:D055549	llm_extracted	29662472		1	0.95	positive	2026-10-10	C	
NCBITaxon:287	produces	MESH:C526928	llm_extracted	29662472		1	0.95	positive	2026-10-10	C	
NCBITaxon:287	produces	MESH:C542376	llm_extracted	29662472		1	0.9	positive	2026-10-10	C	
NCBITaxon:1292	produces	MESH:D055549	llm_extracted	29684012		1	0.85	positive	2026-10-10	C	
NCBITaxon:1698	produces	MESH:D055549	llm_extracted	29684012		1	0.9	positive	2026-10-10	C	
NCBITaxon:1747	biotransforms	MESH:D006820	llm_extracted	28895889		1	0.9	positive	2026-10-10	C	
NCBITaxon:55194	produces	MESH:D013256	llm_extracted	28959251		1	0.85	positive	2026-10-10	C	
NCBITaxon:1282	produces	MESH:D010455	llm_extracted	28228596		1	0.95	positive	2026-10-10	C	
NCBITaxon:1290	produces	MESH:D010455	llm_extracted	28228596		1	0.9	positive	2026-10-10	C	
NCBITaxon:1290	produces	MESH:D000089882	llm_extracted	28228596		1	0.95	positive	2026-10-10	C	
NCBITaxon:1282	produces	MESH:D020148	llm_extracted	27498050		1	0.95	positive	2026-10-10	C	
NCBITaxon:28035	produces	MESH:D019342	llm_extracted	28111598		1	0.9	positive	2026-10-10	C	
NCBITaxon:28035	produces	MESH:C008216	llm_extracted	28111598		1	0.95	positive	2026-10-10	C	
NCBITaxon:1747	produces	MESH:C029658	llm_extracted	26039371		1	0.95	positive	2026-10-10	C	
NCBITaxon:29581	alleviates	MESH:D007239	llm_extracted	23968275		1	0.8	positive	2026-10-10	C	
NCBITaxon:29581	alleviates	MESH:D009181	llm_extracted	23968275		1	0.92	positive	2026-10-10	C	
NCBITaxon:1747	produces	MESH:D011134	llm_extracted	25973430		1	0.75	positive	2026-10-10	C	
NCBITaxon:55193	aggravates	MESH:D003876	llm_extracted	22253636;24819285		2	0.65	positive	2026-10-10	B	
NCBITaxon:1747	biotransforms	MESH:D005990	llm_extracted	23405142		1	0.85	positive	2026-10-10	C	
NCBITaxon:1747	aggravates	MESH:D007249	llm_extracted	22759266		1	0.8	positive	2026-10-10	C	
NCBITaxon:287	biotransforms	MESH:C014722	llm_extracted	19729456		1	0.9	positive	2026-10-10	C	
NCBITaxon:1280	biotransforms	MESH:C008492	llm_extracted	19729456		1	0.9	positive	2026-10-10	C	
NCBITaxon:1282	biotransforms	MESH:C008492	llm_extracted	19729456		1	0.95	positive	2026-10-10	C	
NCBITaxon:286	aggravates	MESH:D012852	llm_extracted	33254343		1	0.6	positive	2026-10-10	C	
NCBITaxon:1622	produces	MESH:D019344	llm_extracted	33287959		1	0.95	positive	2026-10-10	C	
NCBITaxon:47715	alleviates	MESH:D001249	llm_extracted	32522072		1	0.9	positive	2026-10-10	C	
NCBITaxon:47715	alleviates	MESH:D004802	llm_extracted	32522072		1	0.9	positive	2026-10-10	C	
NCBITaxon:47715	aggravates	MESH:D007249	llm_extracted	32522072		1	0.8	positive	2026-10-10	C	True
NCBITaxon:216816	alleviates	MESH:D011014	llm_extracted	32927273		1	0.85	positive	2026-10-10	C	
NCBITaxon:216816	alleviates	MESH:D007251	llm_extracted	32927273		1	0.85	positive	2026-10-10	C	
NCBITaxon:287	aggravates	MESH:D007249	llm_extracted	33031374		1	0.9	positive	2026-10-10	C	
NCBITaxon:47715	produces	MESH:D019344	llm_extracted	32867892		1	0.9	positive	2026-10-10	C	
NCBITaxon:480	aggravates	MESH:D007249	llm_extracted	31201890		1	0.9	positive	2026-10-10	C	
NCBITaxon:853	alleviates	MESH:D007249	llm_extracted	30765132;33054518;37025162		3	0.95	positive	2026-10-10	B	
NCBITaxon:210	alleviates	MESH:D007249	llm_extracted	25074917;30240703		2	0.9	positive	2026-10-10	C	True
NCBITaxon:1282	alleviates	MESH:D007251	llm_extracted	31146794		1	0.9	positive	2026-10-10	C	
NCBITaxon:817	alleviates	MESH:D011014	llm_extracted	29087497		1	0.75	positive	2026-10-10	C	
NCBITaxon:746128	produces	MESH:D005912	llm_extracted	29922270		1	0.95	positive	2026-10-10	C	
NCBITaxon:561	produces	MESH:D000431	llm_extracted	27991430		1	0.5	positive	2026-10-10	C	
NCBITaxon:1301	produces	MESH:D000431	llm_extracted	27991430		1	0.65	positive	2026-10-10	C	
NCBITaxon:817	alleviates	MESH:D001249	llm_extracted	25347992		1	0.9	positive	2026-10-10	C	
NCBITaxon:33959	alleviates	MESH:D000402	llm_extracted	26002029		1	0.85	positive	2026-10-10	C	
NCBITaxon:817	alleviates	MESH:D000402	llm_extracted	26002029		1	0.8	positive	2026-10-10	C	
NCBITaxon:287	produces	MESH:C025316	llm_extracted	24417396		1	0.7	positive	2026-10-10	C	
NCBITaxon:324767	alleviates	MESH:D003092	llm_extracted	23704880		1	0.95	positive	2026-10-10	C	
NCBITaxon:210	alleviates	MESH:D001249	llm_extracted	22550247		1	0.9	positive	2026-10-10	C	
NCBITaxon:1582	alleviates	MESH:D004485	llm_extracted	17607013		1	0.9	positive	2026-10-10	C	
NCBITaxon:1352	alleviates	MESH:D007249	llm_extracted	42753368		1	0.8	positive	2026-10-10	C	
NCBITaxon:42353	consumes	MESH:D000641	llm_extracted	42118340		1	0.8	positive	2026-10-10	C	
NCBITaxon:216851	produces	MESH:D002087	llm_extracted	33864456;34513901;36553711;42098439		4	0.95	positive	2026-10-10	B	
NCBITaxon:1766253	produces	MESH:D002087	llm_extracted	35458231;42098439		2	0.9	positive	2026-10-10	B	
NCBITaxon:562	produces	MESH:D003545	llm_extracted	42020426		1	0.9	positive	2026-10-10	C	
NCBITaxon:1598	alleviates	MESH:D003967	llm_extracted	42039840		1	0.85	positive	2026-10-10	C	
NCBITaxon:286	alleviates	MESH:D009369	llm_extracted	41981755		1	0.9	positive	2026-10-10	C	
NCBITaxon:59617	aggravates	MESH:D019958	llm_extracted	41317413		1	0.92	positive	2026-10-10	C	
NCBITaxon:59617	aggravates	MESH:D007249	llm_extracted	41317413		1	0.9	positive	2026-10-10	C	
NCBITaxon:59617	aggravates	MESH:D020274	llm_extracted	41317413		1	0.95	positive	2026-10-10	C	
NCBITaxon:1579	alleviates	MESH:D003248	llm_extracted	41919078		1	0.95	positive	2026-10-10	C	
NCBITaxon:1579	alleviates	MESH:D007249	llm_extracted	39886212;41919078		2	0.95	positive	2026-10-10	B	
NCBITaxon:283734	aggravates	MESH:D009369	llm_extracted	41829039		1	0.85	positive	2026-10-10	C	
NCBITaxon:818	alleviates	MESH:D004751	llm_extracted	41570523		1	0.9	positive	2026-10-10	C	
NCBITaxon:670	aggravates	MESH:D007249	llm_extracted	41166850		1	0.9	positive	2026-10-10	C	
NCBITaxon:397864	affects	MESH:D005232	llm_extracted	41317805		1	0.8	positive	2026-10-10	C	
NCBITaxon:508451	alleviates	MESH:D042882	llm_extracted	41762228		1	0.9	positive	2026-10-10	C	
NCBITaxon:1423	produces	MESH:D055666	llm_extracted	41556431		1	0.8	positive	2026-10-10	C	
NCBITaxon:724	aggravates	MESH:D012141	llm_extracted	40241660		1	0.7	positive	2026-10-10	C	
NCBITaxon:42895	produces	MESH:D011392	llm_extracted	41569026		1	0.86	positive	2026-10-10	C	
NCBITaxon:42895	produces	MESH:D001622	llm_extracted	41569026		1	0.9	positive	2026-10-10	C	
NCBITaxon:576	produces	MESH:D011392	llm_extracted	41569026		1	0.8	positive	2026-10-10	C	
NCBITaxon:576	produces	MESH:D001622	llm_extracted	41569026		1	0.95	positive	2026-10-10	C	
NCBITaxon:1485	produces	MESH:D020148	llm_extracted	41613172		1	0.88	positive	2026-10-10	C	
NCBITaxon:830	biotransforms	MESH:D000596	llm_extracted	41593747		1	0.85	positive	2026-10-10	C	
NCBITaxon:830	biotransforms	MESH:D005977	llm_extracted	41593747		1	0.8	positive	2026-10-10	C	
NCBITaxon:830	biotransforms	MESH:D008239	llm_extracted	41593747		1	0.85	positive	2026-10-10	C	
NCBITaxon:229007	produces	MESH:D055666	llm_extracted	41590750		1	0.9	positive	2026-10-10	C	
NCBITaxon:226	produces	MESH:D007210	llm_extracted	41648012		1	0.9	positive	2026-10-10	C	
NCBITaxon:286	produces	MESH:D055666	llm_extracted	41714189		1	0.9	positive	2026-10-10	C	
NCBITaxon:426598	produces	MESH:D002338	llm_extracted	41484954		1	0.6	positive	2026-10-10	C	
NCBITaxon:207244	produces	MESH:D005227	llm_extracted	42388846		1	0.9	positive	2026-10-10	C	
NCBITaxon:34038	consumes	MESH:C000592077	llm_extracted	41056670		1	0.85	positive	2026-10-10	C	
NCBITaxon:1622	alleviates	MESH:D009369	llm_extracted	41408175		1	0.85	positive	2026-10-10	C	
NCBITaxon:1407607	produces	MESH:D002087	llm_extracted	41472006		1	0.9	positive	2026-10-10	C	
NCBITaxon:841	produces	MESH:D002087	llm_extracted	41472006		1	0.7	positive	2026-10-10	C	
NCBITaxon:47770	produces	MESH:C049811	llm_extracted	41082335		1	0.85	positive	2026-10-10	C	
NCBITaxon:191373	biotransforms	MESH:D011422	llm_extracted	41138387		1	0.6	positive	2026-10-10	C	
NCBITaxon:1705	biotransforms	MESH:D011422	llm_extracted	41138387		1	0.85	positive	2026-10-10	C	
NCBITaxon:2184	produces	MESH:D008697	llm_extracted	41138387		1	0.8	positive	2026-10-10	C	
NCBITaxon:1598	alleviates	MESH:D021441	llm_extracted	39988618		1	0.95	positive	2026-10-10	C	
NCBITaxon:1598	alleviates	MESH:D009369	llm_extracted	39988618		1	0.95	positive	2026-10-10	C	
NCBITaxon:562	aggravates	MESH:D003967	llm_extracted	41368032		1	0.8	positive	2026-10-10	C	
NCBITaxon:286	biotransforms	MESH:D002241	llm_extracted	41258495		1	0.7	positive	2026-10-10	C	
NCBITaxon:165179	alleviates	MESH:D003967	llm_extracted	41261441		1	0.9	positive	2026-10-10	C	
NCBITaxon:216851	produces	MESH:D005232	llm_extracted	34295880;36917032;40769014;41341501		4	0.9	positive	2026-10-10	B	
NCBITaxon:562	aggravates	MESH:D000230	llm_extracted	41292761		1	0.9	positive	2026-10-10	C	
NCBITaxon:59814	alleviates	MESH:D001753	llm_extracted	41204312		1	0.9	positive	2026-10-10	C	
NCBITaxon:841	produces	MESH:D005232	llm_extracted	41203007		1	0.85	positive	2026-10-10	C	
NCBITaxon:239935	alleviates	MESH:D017544	llm_extracted	41239915		1	0.9	positive	2026-10-10	C	
NCBITaxon:626937	alleviates	MESH:D007249	llm_extracted	35411016		1	0.85	positive	2026-10-10	C	
NCBITaxon:208479	alleviates	MESH:D007249	llm_extracted	35417687		1	0.85	positive	2026-10-10	C	
NCBITaxon:239935	alleviates	MESH:D003092	llm_extracted	34612661;35133390		2	0.95	positive	2026-10-10	B	
NCBITaxon:239935	alleviates	MESH:D004751	llm_extracted	35133390		1	0.85	positive	2026-10-10	C	
NCBITaxon:1598	alleviates	MESH:D003092	llm_extracted	34602091;35141475		2	0.9	positive	2026-10-10	B	
NCBITaxon:28050	produces	MESH:D002087	llm_extracted	35184056		1	0.95	positive	2026-10-10	C	
NCBITaxon:1396	alleviates	MESH:D003092	llm_extracted	34677958		1	0.9	positive	2026-10-10	C	
NCBITaxon:1396	alleviates	MESH:D015431	llm_extracted	34677958		1	0.85	positive	2026-10-10	C	
NCBITaxon:208479	biotransforms	MESH:D001647	llm_extracted	34846164		1	0.65	positive	2026-10-10	C	
NCBITaxon:4932	alleviates	MESH:D003093	llm_extracted	34899735		1	0.92	positive	2026-10-10	C	
NCBITaxon:4932	biotransforms	MESH:D005947	llm_extracted	34899735		1	0.8	positive	2026-10-10	C	
NCBITaxon:4932	alleviates	MESH:D007249	llm_extracted	34899735		1	0.9	positive	2026-10-10	C	
NCBITaxon:1389932	aggravates	MESH:D003092	llm_extracted	34814945		1	0.9	positive	2026-10-10	C	
NCBITaxon:823	aggravates	MESH:D003866	llm_extracted	34403735;38198925		2	0.95	positive	2026-10-10	B	
NCBITaxon:375288	produces	MESH:D005680	llm_extracted	34403735		1	0.82	positive	2026-10-10	C	
NCBITaxon:853	alleviates	MESH:D003092	llm_extracted	34558816		1	0.95	positive	2026-10-10	C	
NCBITaxon:5476	aggravates	MESH:D007249	llm_extracted	34558816		1	0.95	positive	2026-10-10	C	
NCBITaxon:872	aggravates	MESH:D003092	llm_extracted	34804005		1	0.75	positive	2026-10-10	C	
NCBITaxon:239935	affects	MESH:D014364	llm_extracted	34532729		1	0.55	neutral	2026-10-10	C	
NCBITaxon:1598	alleviates	MESH:D064806	llm_extracted	34602091;36036629		2	0.9	positive	2026-10-10	B	
NCBITaxon:838	produces	MESH:D005232	llm_extracted	26377570;34630607		2	0.9	positive	2026-10-10	B	
NCBITaxon:119852	produces	MESH:D005232	llm_extracted	34630607;39394230		2	0.9	positive	2026-10-10	B	
NCBITaxon:1678	alleviates	MESH:D003092	llm_extracted	34683415		1	0.85	positive	2026-10-10	C	
NCBITaxon:1678	alleviates	MESH:D003093	llm_extracted	33686049;35385892		2	0.8	positive	2026-10-10	B	
NCBITaxon:67825	aggravates	MESH:D003092	llm_extracted	34075695		1	0.85	positive	2026-10-10	C	
NCBITaxon:216816	alleviates	MESH:D015212	llm_extracted	34337079		1	0.6	positive	2026-10-10	C	
NCBITaxon:1598	alleviates	MESH:D004751	llm_extracted	34201542		1	0.65	positive	2026-10-10	C	
NCBITaxon:47715	alleviates	MESH:D003093	llm_extracted	33977948		1	0.95	positive	2026-10-10	C	
NCBITaxon:562	biotransforms	MESH:D011409	llm_extracted	33539767		1	0.85	positive	2026-10-10	C	
NCBITaxon:851	aggravates	MESH:D003092	llm_extracted	31249571;33674867		2	0.95	positive	2026-10-10	B	
NCBITaxon:166486	alleviates	MESH:D003866	llm_extracted	33948112		1	0.65	positive	2026-10-10	C	
NCBITaxon:1579	produces	MESH:D004187	llm_extracted	34056099		1	0.75	positive	2026-10-10	C	
NCBITaxon:33038	produces	MESH:D011134	llm_extracted	35424013		1	0.95	positive	2026-10-10	C	
NCBITaxon:35833	aggravates	MESH:D003092	llm_extracted	33711649		1	0.88	positive	2026-10-10	C	
NCBITaxon:1423	alleviates	MESH:D015212	llm_extracted	33595001		1	0.85	positive	2026-10-10	C	
NCBITaxon:1678	alleviates	MESH:D015212	llm_extracted	33686049		1	0.7	positive	2026-10-10	C	
NCBITaxon:847	consumes	MESH:D010070	llm_extracted	33769280		1	0.7	positive	2026-10-10	C	
NCBITaxon:853	alleviates	MESH:D064806	llm_extracted	33641084		1	0.87	positive	2026-10-10	C	
NCBITaxon:1598	alleviates	MESH:D015212	llm_extracted	33593426		1	0.8	positive	2026-10-10	C	
NCBITaxon:292800	biotransforms	MESH:D002392	llm_extracted	33614691		1	0.6	positive	2026-10-10	C	
NCBITaxon:1590	alleviates	MESH:D043183	llm_extracted	34976247		1	0.7	positive	2026-10-10	C	
NCBITaxon:32025	aggravates	MESH:D003092	llm_extracted	33550886		1	0.85	positive	2026-10-10	C	
NCBITaxon:1680	alleviates	MESH:D003092	llm_extracted	33557671		1	0.92	positive	2026-10-10	C	
NCBITaxon:1680	alleviates	MESH:D003967	llm_extracted	33557671		1	0.85	positive	2026-10-10	C	
NCBITaxon:1680	alleviates	MESH:D007249	llm_extracted	33557671		1	0.6	positive	2026-10-10	C	
NCBITaxon:562	biotransforms	MESH:D011422	llm_extracted	33769191		1	0.9	positive	2026-10-10	C	
NCBITaxon:1689	alleviates	MESH:D007249	llm_extracted	33985416		1	0.9	positive	2026-10-10	C	
NCBITaxon:1351	aggravates	MESH:D003092	llm_extracted	34246809		1	0.9	positive	2026-10-10	C	
NCBITaxon:818	alleviates	MESH:D007249	llm_extracted	33229197		1	0.9	positive	2026-10-10	C	
NCBITaxon:83560	alleviates	MESH:D003092	llm_extracted	33381598		1	0.95	positive	2026-10-10	C	
NCBITaxon:83560	alleviates	MESH:D015431	llm_extracted	33381598		1	0.95	positive	2026-10-10	C	
NCBITaxon:851	aggravates	MESH:D003093	llm_extracted	33330137		1	0.95	positive	2026-10-10	C	
NCBITaxon:817	produces	MESH:D011134	llm_extracted	33364945		1	0.8	positive	2026-10-10	C	
NCBITaxon:817	alleviates	MESH:D003093	llm_extracted	33364945		1	0.95	positive	2026-10-10	C	
NCBITaxon:817	alleviates	MESH:D007410	llm_extracted	33364945		1	0.95	positive	2026-10-10	C	
NCBITaxon:562	aggravates	MESH:D003093	llm_extracted	33258388		1	0.9	positive	2026-10-10	C	
NCBITaxon:562	aggravates	MESH:D003092	llm_extracted	33258388		1	0.9	positive	2026-10-10	C	
NCBITaxon:562	produces	MESH:D011622	llm_extracted	32719505		1	0.7	positive	2026-10-10	C	
NCBITaxon:1680	produces	MESH:D019344	llm_extracted	32900872		1	0.9	positive	2026-10-10	C	
NCBITaxon:823	alleviates	MESH:D003092	llm_extracted	32947881		1	0.9	positive	2026-10-10	C	
LFS:FOOD:nut_and_seed	promotes_growth	NCBITaxon:1485	llm_extracted	32781516		1	0.95	positive	2026-10-10	C	
NCBITaxon:1492	alleviates	MESH:D003092	llm_extracted	32553747		1	0.85	positive	2026-10-10	C	
NCBITaxon:562	produces	MESH:D008070	llm_extracted	28216438;29184853;32516912;36293528		4	0.85	positive	2026-10-10	B	
NCBITaxon:33024	consumes	MESH:D019802	llm_extracted	32066975		1	0.78	positive	2026-10-10	C	
LFS:FOOD:fruit	affects	NCBITaxon:1578	llm_extracted	31731626		1	0.65	neutral	2026-10-10	C	
LFS:FOOD:fruit	affects	NCBITaxon:1678	llm_extracted	31731626		1	0.6	neutral	2026-10-10	C	
NCBITaxon:853	produces	MESH:D002087	llm_extracted	31521614;34793284;38590519		3	0.95	positive	2026-10-10	B	
NCBITaxon:239935	affects	MESH:D005947	llm_extracted	31599433		1	0.75	neutral	2026-10-10	C	
NCBITaxon:1358	alleviates	MESH:D003092	llm_extracted	31165225		1	0.9	positive	2026-10-10	C	
NCBITaxon:166486	alleviates	MESH:D003092	llm_extracted	31173202		1	0.9	positive	2026-10-10	C	
NCBITaxon:166486	alleviates	MESH:D003093	llm_extracted	31173202		1	0.85	positive	2026-10-10	C	
NCBITaxon:166486	alleviates	MESH:D007249	llm_extracted	31173202		1	0.8	positive	2026-10-10	C	
NCBITaxon:89152	produces	MESH:D001647	llm_extracted	31472697		1	0.9	positive	2026-10-10	C	
NCBITaxon:89152	alleviates	MESH:D003092	llm_extracted	31472697		1	0.9	positive	2026-10-10	C	
NCBITaxon:1810	alleviates	MESH:D001007	llm_extracted	31059809		1	0.85	positive	2026-10-10	C	
NCBITaxon:562	alleviates	MESH:D005767	llm_extracted	35519361		1	0.85	positive	2026-10-10	C	
NCBITaxon:816	produces	MESH:D013107	llm_extracted	31071294		1	0.9	positive	2026-10-10	C	
NCBITaxon:816	alleviates	MESH:D007249	llm_extracted	31071294		1	0.8	positive	2026-10-10	C	
LFS:FOOD:polyphenol	promotes_growth	NCBITaxon:1358	llm_extracted	31179328		1	0.85	positive	2026-10-10	C	
NCBITaxon:872	produces	MESH:D013440	llm_extracted	30707247		1	0.9	positive	2026-10-10	C	
NCBITaxon:1063	produces	MESH:D008070	llm_extracted	37263539		1	0.85	positive	2026-10-10	C	
NCBITaxon:328813	alleviates	MESH:D006943	llm_extracted	37356668		1	0.9	positive	2026-10-10	C	
NCBITaxon:328813	alleviates	MESH:D007249	llm_extracted	37356668		1	0.9	positive	2026-10-10	C	
NCBITaxon:328813	alleviates	MESH:D018149	llm_extracted	37356668		1	0.9	positive	2026-10-10	C	
NCBITaxon:239934	produces	MESH:D005232	llm_extracted	36917032		1	0.85	positive	2026-10-10	C	
NCBITaxon:216851	alleviates	MESH:D015212	llm_extracted	36917032		1	0.6	positive	2026-10-10	C	
NCBITaxon:28117	biotransforms	MESH:D005492	llm_extracted	37254152		1	0.6	positive	2026-10-10	C	
NCBITaxon:28117	produces	MESH:D013228	llm_extracted	37254152		1	0.65	positive	2026-10-10	C	
NCBITaxon:838	produces	MESH:D008070	llm_extracted	37265486		1	0.9	positive	2026-10-10	C	
NCBITaxon:174708	produces	MESH:D005232	llm_extracted	36750436		1	0.8	positive	2026-10-10	C	
NCBITaxon:823	produces	MESH:C001446	llm_extracted	37072819		1	0.9	positive	2026-10-10	C	
NCBITaxon:823	alleviates	MESH:D003924	llm_extracted	37072819		1	0.85	positive	2026-10-10	C	
NCBITaxon:823	alleviates	MESH:D007333	llm_extracted	37072819		1	0.92	positive	2026-10-10	C	
NCBITaxon:823	alleviates	MESH:D007249	llm_extracted	37174660		1	0.8	positive	2026-10-10	C	
NCBITaxon:239935	alleviates	MESH:D052439	llm_extracted	36847500		1	0.7	positive	2026-10-10	C	
NCBITaxon:1590	alleviates	MESH:D003920	llm_extracted	36912589		1	0.8	positive	2026-10-10	C	
NCBITaxon:2173	produces	MESH:D008697	llm_extracted	34538034;35107058;41020835		3	0.95	positive	2026-10-10	B	
NCBITaxon:724	affects	MESH:D007333	llm_extracted	36704910		1	0.5	neutral	2026-10-10	C	
NCBITaxon:562	aggravates	MESH:D009765	llm_extracted	36809030		1	0.92	positive	2026-10-10	C	
NCBITaxon:562	aggravates	MESH:D007333	llm_extracted	36809030		1	0.95	positive	2026-10-10	C	
NCBITaxon:853	alleviates	MESH:D007333	llm_extracted	37025162		1	0.85	positive	2026-10-10	C	
NCBITaxon:853	alleviates	MESH:D003924	llm_extracted	37025162		1	0.75	positive	2026-10-10	C	
NCBITaxon:853	alleviates	MESH:D018149	llm_extracted	37025162		1	0.95	positive	2026-10-10	C	
NCBITaxon:853	alleviates	MESH:D005234	llm_extracted	37025162		1	0.88	positive	2026-10-10	C	
NCBITaxon:1598	alleviates	MESH:D003866	llm_extracted	37050901		1	0.9	positive	2026-10-10	C	
NCBITaxon:1598	alleviates	MESH:D007333	llm_extracted	37050901		1	0.95	positive	2026-10-10	C	
LFS:FOOD:coffee_and_tea	promotes_growth	NCBITaxon:239934	llm_extracted	36883322		1	0.9	positive	2026-10-10	C	
NCBITaxon:851	produces	MESH:D006885	llm_extracted	36984891		1	0.6	positive	2026-10-10	C	
NCBITaxon:851	produces	MESH:C031570	llm_extracted	36984891		1	0.9	positive	2026-10-10	C	
NCBITaxon:28026	alleviates	MESH:D018149	llm_extracted	36985331		1	0.6	positive	2026-10-10	C	
NCBITaxon:1680	alleviates	MESH:D018149	llm_extracted	36985331		1	0.8	positive	2026-10-10	C	
NCBITaxon:1598	alleviates	MESH:D009765	llm_extracted	36786753		1	0.6	positive	2026-10-10	C	
NCBITaxon:1351	aggravates	MESH:D003922	llm_extracted	36603588		1	0.9	positive	2026-10-10	C	
NCBITaxon:1730	produces	MESH:D005232	llm_extracted	36655268		1	0.85	positive	2026-10-10	C	
NCBITaxon:239935	alleviates	MESH:D001007	llm_extracted	36336146		1	0.9	positive	2026-10-10	C	
NCBITaxon:239935	alleviates	MESH:D003920	llm_extracted	36618686		1	0.85	positive	2026-10-10	C	
NCBITaxon:239935	produces	MESH:D011422	llm_extracted	36618686		1	0.95	positive	2026-10-10	C	
NCBITaxon:39488	produces	MESH:D002087	llm_extracted	36544495		1	0.9	positive	2026-10-10	C	
NCBITaxon:459786	produces	MESH:D008070	llm_extracted	36185030		1	0.72	positive	2026-10-10	C	
NCBITaxon:1702221	produces	MESH:D005232	llm_extracted	36279723		1	0.72	positive	2026-10-10	C	
NCBITaxon:1598	alleviates	MESH:D011085	llm_extracted	36421397		1	0.6	positive	2026-10-10	C	
NCBITaxon:216816	alleviates	MESH:D018149	llm_extracted	36333752		1	0.7	positive	2026-10-10	C	
NCBITaxon:1681	affects	MESH:D001647	llm_extracted	36333752		1	0.7	positive	2026-10-10	C	
NCBITaxon:216816	affects	MESH:D013261	llm_extracted	36333752		1	0.8	positive	2026-10-10	C	
NCBITaxon:1409	alleviates	MESH:D003924	llm_extracted	35951725		1	0.95	positive	2026-10-10	C	
NCBITaxon:1409	alleviates	MESH:D015431	llm_extracted	35951725		1	0.95	positive	2026-10-10	C	
NCBITaxon:1409	alleviates	MESH:D007333	llm_extracted	35951725		1	0.9	positive	2026-10-10	C	
NCBITaxon:1578	alleviates	MESH:D042882	llm_extracted	36036629		1	0.9	positive	2026-10-10	C	
NCBITaxon:1578	alleviates	MESH:D005234	llm_extracted	36036629		1	0.95	positive	2026-10-10	C	
NCBITaxon:1578	alleviates	MESH:D006949	llm_extracted	36036629		1	0.85	positive	2026-10-10	C	
NCBITaxon:1590	alleviates	MESH:D064806	llm_extracted	36036629;40589577		2	0.9	positive	2026-10-10	B	
NCBITaxon:1598	affects	MESH:D001647	llm_extracted	36036629		1	0.6	neutral	2026-10-10	C	
NCBITaxon:1590	affects	MESH:D001647	llm_extracted	36036629		1	0.7	neutral	2026-10-10	C	
NCBITaxon:1628085	alleviates	MESH:D003072	llm_extracted	38219919		1	0.85	positive	2026-10-10	C	
NCBITaxon:1628085	alleviates	MESH:D000544	llm_extracted	38219919		1	0.7	positive	2026-10-10	C	
NCBITaxon:33042	biotransforms	MESH:D000597	llm_extracted	39177611		1	0.7	negative	2026-10-10	C	
NCBITaxon:1937008	affects	MESH:D000544	llm_extracted	38261437		1	0.8	neutral	2026-10-10	C	
NCBITaxon:33042	produces	MESH:D002087	llm_extracted	39295905		1	0.9	positive	2026-10-10	C	
NCBITaxon:33043	produces	MESH:D002087	llm_extracted	39295905		1	0.9	positive	2026-10-10	C	
NCBITaxon:574697	produces	MESH:D005232	llm_extracted	36717369		1	0.7	positive	2026-10-10	C	
NCBITaxon:1578	alleviates	MESH:D003866	llm_extracted	37189686;37214985		2	0.9	positive	2026-10-10	B	
NCBITaxon:1578	alleviates	MESH:D001007	llm_extracted	35381125;37214985		2	0.9	positive	2026-10-10	B	
NCBITaxon:1678	alleviates	MESH:D003866	llm_extracted	37234527		1	0.65	positive	2026-10-10	C	
NCBITaxon:1301	produces	MESH:D000085	llm_extracted	37168424		1	0.7	positive	2026-10-10	C	
NCBITaxon:562	biotransforms	MESH:D004958	llm_extracted	36933555		1	0.6	positive	2026-10-10	C	
NCBITaxon:32025	aggravates	MESH:D009410	llm_extracted	36543925		1	0.9	positive	2026-10-10	C	
NCBITaxon:32025	aggravates	MESH:D000068079	llm_extracted	36543925		1	0.9	positive	2026-10-10	C	
NCBITaxon:32025	aggravates	MESH:D010300	llm_extracted	36543925		1	0.9	positive	2026-10-10	C	
NCBITaxon:32025	aggravates	MESH:D009461	llm_extracted	36543925		1	0.85	positive	2026-10-10	C	
NCBITaxon:1584	alleviates	MESH:D001007	llm_extracted	36565853		1	0.9	positive	2026-10-10	C	
NCBITaxon:1590	alleviates	MESH:D003866	llm_extracted	36900437		1	0.85	positive	2026-10-10	C	
NCBITaxon:1398	alleviates	MESH:D019954	llm_extracted	36641109		1	0.95	positive	2026-10-10	C	
NCBITaxon:210	aggravates	MESH:D000544	llm_extracted	36792546		1	0.85	positive	2026-10-10	C	
NCBITaxon:1596	produces	MESH:C037645	llm_extracted	35849507		1	0.9	positive	2026-10-10	C	
NCBITaxon:642	aggravates	MESH:D007249	llm_extracted	36721179;39178772		2	0.9	positive	2026-10-10	B	
NCBITaxon:1622	alleviates	MESH:D001007	llm_extracted	36587608		1	0.85	positive	2026-10-10	C	
NCBITaxon:1351	biotransforms	MESH:D007980	llm_extracted	36240098;36278467		2	0.85	positive	2026-10-10	B	
NCBITaxon:84112	biotransforms	MESH:D007980	llm_extracted	36278467		1	0.85	positive	2026-10-10	C	
NCBITaxon:1598	alleviates	MESH:D009461	llm_extracted	36286493		1	0.9	positive	2026-10-10	C	
NCBITaxon:216851	produces	MESH:D055549	llm_extracted	36614151		1	0.8	positive	2026-10-10	C	
NCBITaxon:1506553	produces	MESH:D055549	llm_extracted	36614151		1	0.7	positive	2026-10-10	C	
NCBITaxon:1506553	produces	MESH:D005232	llm_extracted	36614151		1	0.9	positive	2026-10-10	C	
NCBITaxon:1587	affects	MESH:D012701	llm_extracted	36377577		1	0.8	positive	2026-10-10	C	
NCBITaxon:1587	alleviates	MESH:D003866	llm_extracted	36377577		1	0.75	positive	2026-10-10	C	
NCBITaxon:102106	produces	MESH:D001647	llm_extracted	36494405		1	0.9	positive	2026-10-10	C	
NCBITaxon:1423	alleviates	MESH:D003108	llm_extracted	36439850		1	0.85	positive	2026-10-10	C	
NCBITaxon:1352	alleviates	MESH:D003108	llm_extracted	36439850		1	0.85	positive	2026-10-10	C	
NCBITaxon:328812	alleviates	MESH:D001321	llm_extracted	36361859		1	0.85	positive	2026-10-10	C	
NCBITaxon:1678	alleviates	MESH:D000857	llm_extracted	36207740		1	0.9	positive	2026-10-10	C	
NCBITaxon:572511	produces	MESH:D005232	llm_extracted	35914559;39246692;39277254		3	0.9	positive	2026-10-10	B	
NCBITaxon:301301	alleviates	MESH:D000090862	llm_extracted	35819092		1	0.95	positive	2026-10-10	C	
NCBITaxon:301301	produces	MESH:D005232	llm_extracted	35819092		1	0.8	positive	2026-10-10	C	
NCBITaxon:301301	alleviates	MESH:D011596	llm_extracted	35819092		1	0.95	positive	2026-10-10	C	
NCBITaxon:238015	alleviates	MESH:D007249	llm_extracted	40645551		1	0.85	positive	2026-10-10	C	
NCBITaxon:47770	alleviates	MESH:D007239	llm_extracted	40863109		1	0.65	positive	2026-10-10	C	
NCBITaxon:47770	alleviates	MESH:D007249	llm_extracted	40863109		1	0.85	positive	2026-10-10	C	
NCBITaxon:1496	produces	MESH:C036260	llm_extracted	40925393		1	0.65	positive	2026-10-10	C	
NCBITaxon:1496	produces	MESH:C019475	llm_extracted	40925393		1	0.6	positive	2026-10-10	C	
NCBITaxon:158836	alleviates	MESH:D064420	llm_extracted	41027194		1	0.9	positive	2026-10-10	C	
NCBITaxon:573	alleviates	MESH:D064420	llm_extracted	41027194		1	0.78	positive	2026-10-10	C	
NCBITaxon:118562	alleviates	MESH:D003092	llm_extracted	41020900		1	0.6	positive	2026-10-10	C	
NCBITaxon:2767846	alleviates	MESH:D011658	llm_extracted	40994978		1	0.9	positive	2026-10-10	C	
NCBITaxon:239935	alleviates	MESH:D055948	llm_extracted	40877018		1	0.95	positive	2026-10-10	C	
NCBITaxon:239935	alleviates	MESH:D064806	llm_extracted	40877018		1	0.95	positive	2026-10-10	C	
NCBITaxon:1304	alleviates	MESH:D011014	llm_extracted	40736248		1	0.85	positive	2026-10-10	C	
NCBITaxon:1678	affects	MESH:D007288	llm_extracted	40494345		1	0.55	positive	2026-10-10	C	
NCBITaxon:1579	aggravates	MESH:D003015	llm_extracted	40689613		1	0.95	positive	2026-10-10	C	
NCBITaxon:580596	produces	MESH:D002087	llm_extracted	40347600		1	0.85	positive	2026-10-10	C	
NCBITaxon:78120	produces	MESH:D011422	llm_extracted	40582100		1	0.95	positive	2026-10-10	C	
NCBITaxon:44008	aggravates	MESH:D008413	llm_extracted	39374734		1	0.9	positive	2026-10-10	C	
NCBITaxon:44008	produces	MESH:D000119	llm_extracted	39374734		1	0.85	positive	2026-10-10	C	
NCBITaxon:44008	aggravates	MESH:D007249	llm_extracted	39374734		1	0.8	positive	2026-10-10	C	
NCBITaxon:287	produces	MESH:D011710	llm_extracted	40691769		1	0.9	positive	2026-10-10	C	
NCBITaxon:1261	aggravates	MESH:D002583	llm_extracted	40814384		1	0.8	positive	2026-10-10	C	
NCBITaxon:1582	produces	MESH:D002087	llm_extracted	40586753		1	0.92	positive	2026-10-10	C	
NCBITaxon:1582	alleviates	MESH:D007249	llm_extracted	40586753		1	0.9	positive	2026-10-10	C	
NCBITaxon:210	aggravates	MESH:D009369	llm_extracted	40597779		1	0.6	positive	2026-10-10	C	
NCBITaxon:210	aggravates	MESH:D007249	llm_extracted	40611186		1	0.85	positive	2026-10-10	C	True
NCBITaxon:1582	alleviates	MESH:D003248	llm_extracted	40451401		1	0.9	positive	2026-10-10	C	
NCBITaxon:33959	alleviates	MESH:D013119	llm_extracted	40502000		1	0.85	positive	2026-10-10	C	
NCBITaxon:85831	alleviates	MESH:D003108	llm_extracted	40318377		1	0.95	positive	2026-10-10	C	
NCBITaxon:137591	alleviates	MESH:D019446	llm_extracted	40528192		1	0.9	positive	2026-10-10	C	
NCBITaxon:1598	produces	MESH:C016517	llm_extracted	39905483		1	0.8	positive	2026-10-10	C	
NCBITaxon:1598	produces	MESH:C015950	llm_extracted	39973939		1	0.85	positive	2026-10-10	C	
NCBITaxon:1598	produces	MESH:C030737	llm_extracted	39973939		1	0.85	positive	2026-10-10	C	
LFS:FOOD:polyphenol	promotes_growth	NCBITaxon:1470353	llm_extracted	40002949		1	0.95	positive	2026-10-10	C	
NCBITaxon:1509	produces	MESH:D005232	llm_extracted	39265892		1	0.95	positive	2026-10-10	C	
NCBITaxon:1736	produces	MESH:D005232	llm_extracted	39793044		1	0.9	positive	2026-10-10	C	
NCBITaxon:1736	consumes	MESH:C045951	llm_extracted	39793044		1	0.85	positive	2026-10-10	C	
NCBITaxon:1736	produces	MESH:D002087	llm_extracted	39793044		1	0.95	positive	2026-10-10	C	
NCBITaxon:239935	produces	MESH:D000085	llm_extracted	40041901		1	0.9	positive	2026-10-10	C	
NCBITaxon:1598	alleviates	MESH:D001997	llm_extracted	39687635		1	0.95	positive	2026-10-10	C	
NCBITaxon:1598	alleviates	MESH:D008171	llm_extracted	39687635		1	0.85	positive	2026-10-10	C	
NCBITaxon:818	produces	MESH:D005232	llm_extracted	39723138		1	0.9	positive	2026-10-10	C	
NCBITaxon:818	produces	MESH:D017382	llm_extracted	39723138		1	0.85	positive	2026-10-10	C	
NCBITaxon:572511	alleviates	MESH:D056486	llm_extracted	39767053		1	0.9	positive	2026-10-10	C	
NCBITaxon:572511	alleviates	MESH:D006949	llm_extracted	39767053		1	0.85	positive	2026-10-10	C	
NCBITaxon:817	aggravates	MESH:D009369	llm_extracted	39767682		1	0.9	positive	2026-10-10	C	
NCBITaxon:1702221	alleviates	MESH:D009369	llm_extracted	39767682		1	0.8	positive	2026-10-10	C	
NCBITaxon:1678	alleviates	MESH:D007249	llm_extracted	27348268;34764887;39805780		3	0.9	positive	2026-10-10	B	
NCBITaxon:1678	produces	MESH:C024139	llm_extracted	39500766		1	0.6	positive	2026-10-10	C	
NCBITaxon:1481960	produces	MESH:C024139	llm_extracted	39500766		1	0.7	positive	2026-10-10	C	
NCBITaxon:4909	affects	MESH:D001120	llm_extracted	39417221		1	0.7	neutral	2026-10-10	C	
NCBITaxon:4909	affects	MESH:D011392	llm_extracted	39417221		1	0.75	neutral	2026-10-10	C	
NCBITaxon:174709	produces	MESH:D002087	llm_extracted	39434145		1	0.95	positive	2026-10-10	C	
NCBITaxon:324767	produces	MESH:D005232	llm_extracted	39458503		1	0.9	positive	2026-10-10	C	
NCBITaxon:1598	biotransforms	MESH:D005990	llm_extracted	39493857		1	0.9	positive	2026-10-10	C	
NCBITaxon:239759	produces	MESH:D005232	llm_extracted	39394230		1	0.8	positive	2026-10-10	C	
NCBITaxon:1587	alleviates	MESH:D008108	llm_extracted	39431804		1	0.92	positive	2026-10-10	C	
NCBITaxon:1587	alleviates	MESH:D056486	llm_extracted	39431804		1	0.95	positive	2026-10-10	C	
NCBITaxon:1587	alleviates	MESH:D017093	llm_extracted	39431804		1	0.85	positive	2026-10-10	C	
NCBITaxon:1685	alleviates	MESH:D007410	llm_extracted	39326613		1	0.95	positive	2026-10-10	C	
NCBITaxon:28141	aggravates	MESH:D001145	llm_extracted	39228788		1	0.85	positive	2026-10-10	C	
NCBITaxon:29347	biotransforms	MESH:D001647	llm_extracted	39090543;39282334		2	0.93	positive	2026-10-10	B	
NCBITaxon:29347	biotransforms	MESH:D013256	llm_extracted	39282334		1	0.8	positive	2026-10-10	C	
NCBITaxon:29347	biotransforms	MESH:D008095	llm_extracted	39282334		1	0.9	positive	2026-10-10	C	
NCBITaxon:29347	biotransforms	MESH:D002635	llm_extracted	39090543;39282334		2	0.95	positive	2026-10-10	B	
NCBITaxon:1354	alleviates	MESH:D003967	llm_extracted	39213909		1	0.95	positive	2026-10-10	C	
NCBITaxon:487175	produces	MESH:D005227	llm_extracted	39116202		1	0.9	positive	2026-10-10	C	
NCBITaxon:1509	affects	MESH:D006017	llm_extracted	38916334		1	0.8	positive	2026-10-10	C	
NCBITaxon:29347	biotransforms	MESH:D014580	llm_extracted	39090543		1	0.95	positive	2026-10-10	C	
NCBITaxon:881	produces	MESH:D006862	llm_extracted	39060944		1	0.9	positive	2026-10-10	C	
NCBITaxon:1398	produces	MESH:D019342	llm_extracted	38940521		1	0.85	positive	2026-10-10	C	
NCBITaxon:187979	biotransforms	MESH:D010833	llm_extracted	38858593		1	0.95	positive	2026-10-10	C	
NCBITaxon:1229621	produces	MESH:D005232	llm_extracted	38858593		1	0.85	positive	2026-10-10	C	
NCBITaxon:1229621	produces	MESH:D011422	llm_extracted	38858593		1	0.75	positive	2026-10-10	C	
NCBITaxon:1578	produces	MESH:C028025	llm_extracted	38780275		1	0.9	positive	2026-10-10	C	
NCBITaxon:1584	affects	MESH:D001647	llm_extracted	38929420		1	0.65	positive	2026-10-10	C	
NCBITaxon:1492	produces	MESH:D002087	llm_extracted	38930617		1	0.9	positive	2026-10-10	C	
NCBITaxon:816	consumes	MESH:D012701	llm_extracted	38868499		1	0.6	negative	2026-10-10	C	
NCBITaxon:1578	affects	MESH:D005232	llm_extracted	38625681		1	0.6	positive	2026-10-10	C	
NCBITaxon:33024	produces	MESH:C029658	llm_extracted	38672330		1	0.85	positive	2026-10-10	C	
NCBITaxon:673271	biotransforms	MESH:D019826	llm_extracted	38681959		1	0.95	positive	2026-10-10	C	
NCBITaxon:673271	biotransforms	MESH:D001647	llm_extracted	38681959		1	0.85	positive	2026-10-10	C	
NCBITaxon:216816	affects	MESH:D015427	llm_extracted	38487897		1	0.6	neutral	2026-10-10	C	
NCBITaxon:216816	alleviates	MESH:D007249	llm_extracted	38487897		1	0.95	positive	2026-10-10	C	
LFS:FOOD:food_emulsifier	inhibits_growth	NCBITaxon:841	llm_extracted	38519184		1	0.85	positive	2026-10-10	C	
NCBITaxon:239759	produces	MESH:D011422	llm_extracted	38589474		1	0.65	positive	2026-10-10	C	
NCBITaxon:653683	produces	MESH:D011422	llm_extracted	38589474		1	0.6	positive	2026-10-10	C	
NCBITaxon:568	produces	MESH:D005232	llm_extracted	38646847		1	0.9	positive	2026-10-10	C	
NCBITaxon:568	produces	MESH:D013831	llm_extracted	38646847		1	0.95	positive	2026-10-10	C	
NCBITaxon:568	produces	MESH:D011736	llm_extracted	38646847		1	0.95	positive	2026-10-10	C	
NCBITaxon:562	biotransforms	MESH:D014364	llm_extracted	38674663		1	0.9	positive	2026-10-10	C	
NCBITaxon:1509	produces	MESH:C030820	llm_extracted	41853559		1	0.85	positive	2026-10-10	C	
NCBITaxon:33038	produces	MESH:C030820	llm_extracted	41853559		1	0.9	positive	2026-10-10	C	
NCBITaxon:1407607	produces	MESH:D005232	llm_extracted	38271209		1	0.6	positive	2026-10-10	C	
NCBITaxon:1678	alleviates	MESH:D007077	llm_extracted	38611317		1	0.9	positive	2026-10-10	C	
NCBITaxon:1578	biotransforms	MESH:D014364	llm_extracted	38504383		1	0.95	positive	2026-10-10	C	
NCBITaxon:2100821	alleviates	MESH:D007249	llm_extracted	38211362		1	0.7	positive	2026-10-10	C	
NCBITaxon:1398	alleviates	MESH:D008108	llm_extracted	38596381		1	0.95	positive	2026-10-10	C	
NCBITaxon:1398	alleviates	MESH:D056486	llm_extracted	38596381		1	0.85	positive	2026-10-10	C	
NCBITaxon:1680	produces	MESH:D000085	llm_extracted	36557749		1	0.95	positive	2026-10-10	C	
LFS:FOOD:coffee_and_tea	promotes_growth	NCBITaxon:838	llm_extracted	36596166		1	0.72	positive	2026-10-10	C	
NCBITaxon:158846	produces	MESH:D002087	llm_extracted	36553711		1	0.95	positive	2026-10-10	C	
LFS:FOOD:polyphenol	promotes_growth	NCBITaxon:239934	llm_extracted	35930435		1	0.85	positive	2026-10-10	C	
NCBITaxon:573	biotransforms	MESH:D008031	llm_extracted	35839908		1	0.9	positive	2026-10-10	C	
NCBITaxon:553	biotransforms	MESH:D008031	llm_extracted	35839908		1	0.85	positive	2026-10-10	C	
NCBITaxon:28214	biotransforms	MESH:D002482	llm_extracted	35839908		1	0.85	positive	2026-10-10	C	
NCBITaxon:816	biotransforms	MESH:C570991	llm_extracted	36043703		1	0.6	positive	2026-10-10	C	
LFS:FOOD:prebiotic	promotes_growth	NCBITaxon:362520	llm_extracted	36860437		1	0.9	positive	2026-10-10	C	
NCBITaxon:239934	consumes	MESH:D019344	llm_extracted	36055202		1	0.7	positive	2026-10-10	C	
LFS:FOOD:dietary_fiber	promotes_growth	NCBITaxon:1678	llm_extracted	34208433;36159459		2	0.95	positive	2026-10-10	B	
LFS:FOOD:prebiotic	promotes_growth	NCBITaxon:328812	llm_extracted	35779098		1	0.95	positive	2026-10-10	C	
NCBITaxon:649756	biotransforms	MESH:C116580	llm_extracted	35537289		1	0.9	positive	2026-10-10	C	
NCBITaxon:28116	biotransforms	MESH:C008494	llm_extracted	35764090		1	0.85	positive	2026-10-10	C	
NCBITaxon:28116	biotransforms	MESH:D010368	llm_extracted	35764090		1	0.5	positive	2026-10-10	C	
NCBITaxon:1579	alleviates	MESH:D000740	llm_extracted	35889049		1	0.6	positive	2026-10-10	C	
NCBITaxon:216816	alleviates	MESH:D000740	llm_extracted	35889049		1	0.7	positive	2026-10-10	C	
NCBITaxon:360807	produces	MESH:D005232	llm_extracted	35102419		1	0.8	positive	2026-10-10	C	
LFS:FOOD:prebiotic	promotes_growth	NCBITaxon:1686	llm_extracted	35782954		1	0.95	positive	2026-10-10	C	
NCBITaxon:5475	aggravates	MESH:D003092	llm_extracted	35806054		1	0.95	positive	2026-10-10	C	
LFS:FOOD:prebiotic	promotes_growth	NCBITaxon:823	llm_extracted	35685770		1	0.9	positive	2026-10-10	C	
NCBITaxon:418240	consumes	MESH:D005643	llm_extracted	35722280		1	0.95	positive	2026-10-10	C	
NCBITaxon:1681	biotransforms	MESH:C031420	llm_extracted	35722280		1	0.85	positive	2026-10-10	C	
NCBITaxon:28116	affects	MESH:D005232	llm_extracted	35494230		1	0.7	neutral	2026-10-10	C	
NCBITaxon:40518	biotransforms	MESH:D013213	llm_extracted	35378131;35471195		2	0.9	positive	2026-10-10	B	
NCBITaxon:301854	produces	MESH:C116580	llm_extracted	35407041		1	0.85	positive	2026-10-10	C	
NCBITaxon:1582	produces	MESH:D019342	llm_extracted	35151712		1	0.9	positive	2026-10-10	C	
NCBITaxon:47715	produces	MESH:D019342	llm_extracted	35151712		1	0.9	positive	2026-10-10	C	
NCBITaxon:1613	produces	MESH:D019342	llm_extracted	35151712		1	0.85	positive	2026-10-10	C	
NCBITaxon:216816	biotransforms	MESH:C085118	llm_extracted	35235007		1	0.85	positive	2026-10-10	C	
NCBITaxon:1311	produces	MESH:D019344	llm_extracted	34788501		1	0.82	positive	2026-10-10	C	
NCBITaxon:47678	biotransforms	MESH:C116580	llm_extracted	35186653		1	0.9	positive	2026-10-10	C	
NCBITaxon:28116	consumes	MESH:C116580	llm_extracted	35186653		1	0.85	positive	2026-10-10	C	
NCBITaxon:166486	biotransforms	MESH:C116580	llm_extracted	35186653		1	0.85	positive	2026-10-10	C	
LFS:FOOD:prebiotic	promotes_growth	NCBITaxon:649756	llm_extracted	35057489		1	0.95	positive	2026-10-10	C	
LFS:FOOD:prebiotic	promotes_growth	NCBITaxon:239934	llm_extracted	34120835;36448728		2	0.95	positive	2026-10-10	B	
LFS:FOOD:prebiotic	inhibits_growth	NCBITaxon:287	llm_extracted	36756543		1	0.9	negative	2026-10-10	C	
NCBITaxon:818	biotransforms	MESH:D010368	llm_extracted	33097594;34420703		2	0.9	positive	2026-10-10	B	
NCBITaxon:838	produces	MESH:D011422	llm_extracted	34494854		1	0.85	positive	2026-10-10	C	
NCBITaxon:830	produces	MESH:D002087	llm_extracted	34494854;40783086		2	0.9	positive	2026-10-10	B	
LFS:FOOD:prebiotic	affects	NCBITaxon:1678	llm_extracted	34673798		1	0.75	positive	2026-10-10	C	
NCBITaxon:438033	produces	MESH:D005232	llm_extracted	34390604		1	0.85	positive	2026-10-10	C	
NCBITaxon:838	produces	MESH:D019802	llm_extracted	34683463		1	0.8	positive	2026-10-10	C	
NCBITaxon:848	produces	MESH:D002087	llm_extracted	34589531		1	0.9	positive	2026-10-10	C	
NCBITaxon:35833	biotransforms	MESH:C009358	llm_extracted	33790426		1	0.9	positive	2026-10-10	C	
LFS:FOOD:dietary_fiber	promotes_growth	NCBITaxon:1283313	llm_extracted	34385825		1	0.98	positive	2026-10-10	C	
LFS:FOOD:dietary_fiber	inhibits_growth	NCBITaxon:447020	llm_extracted	34385825		1	0.95	negative	2026-10-10	C	
LFS:FOOD:dietary_fiber	inhibits_growth	NCBITaxon:109326	llm_extracted	34385825		1	0.88	negative	2026-10-10	C	
NCBITaxon:1689	produces	MESH:D005680	llm_extracted	34439760		1	0.95	positive	2026-10-10	C	
NCBITaxon:816	biotransforms	MESH:D002241	llm_extracted	33864864		1	0.9	positive	2026-10-10	C	
LFS:FOOD:prebiotic	promotes_growth	NCBITaxon:1872530	llm_extracted	34182773		1	0.9	positive	2026-10-10	C	
LFS:FOOD:prebiotic	promotes_growth	NCBITaxon:820	llm_extracted	34182773		1	0.95	positive	2026-10-10	C	
NCBITaxon:820	produces	MESH:D000085	llm_extracted	33159326		1	0.9	positive	2026-10-10	C	
NCBITaxon:1678	produces	MESH:D011422	llm_extracted	33736704		1	0.8	positive	2026-10-10	C	
NCBITaxon:165179	biotransforms	MESH:D010429	llm_extracted	32770699		1	0.6	positive	2026-10-10	C	
NCBITaxon:818	biotransforms	MESH:D008351	llm_extracted	33482928		1	0.9	positive	2026-10-10	C	
NCBITaxon:58172	produces	MESH:D005630	llm_extracted	33404835		1	0.95	positive	2026-10-10	C	
NCBITaxon:58172	biotransforms	MESH:D013395	llm_extracted	33404835		1	0.82	positive	2026-10-10	C	
NCBITaxon:58172	produces	MESH:C072599	llm_extracted	33404835		1	0.9	positive	2026-10-10	C	
LFS:FOOD:prebiotic	promotes_growth	NCBITaxon:216816	llm_extracted	34285860		1	0.95	positive	2026-10-10	C	
NCBITaxon:853	biotransforms	MESH:D000085	llm_extracted	34365905		1	0.8	positive	2026-10-10	C	
NCBITaxon:2173	consumes	MESH:C030544	llm_extracted	34538034		1	0.75	positive	2026-10-10	C	
NCBITaxon:324767	alleviates	MESH:D015431	llm_extracted	34553672		1	0.8	positive	2026-10-10	C	
NCBITaxon:853	produces	MESH:D005632	llm_extracted	34793284		1	0.6	positive	2026-10-10	C	
NCBITaxon:818	biotransforms	MESH:C042492	llm_extracted	33097594		1	0.78	positive	2026-10-10	C	
NCBITaxon:836	aggravates	MESH:D007333	llm_extracted	31741266		1	0.75	positive	2026-10-10	C	
NCBITaxon:32067	produces	MESH:D019344	llm_extracted	31611409		1	0.85	positive	2026-10-10	C	
NCBITaxon:1309	biotransforms	MESH:D000073893	llm_extracted	30006266;31662430		2	0.9	positive	2026-10-10	B	
NCBITaxon:851	affects	MESH:D017382	llm_extracted	31737164		1	0.85	positive	2026-10-10	C	
NCBITaxon:210	produces	MESH:D008070	llm_extracted	30734438		1	0.6	positive	2026-10-10	C	
NCBITaxon:1309	produces	MESH:D019344	llm_extracted	30833012		1	0.85	positive	2026-10-10	C	
NCBITaxon:1302	produces	MESH:D006861	llm_extracted	22848782;28613833;30341079		3	0.95	positive	2026-10-10	B	
NCBITaxon:1304	produces	MESH:D000468	llm_extracted	30338752		1	0.95	positive	2026-10-10	C	
NCBITaxon:1302	produces	MESH:D000468	llm_extracted	30338752		1	0.95	positive	2026-10-10	C	
NCBITaxon:1598	alleviates	MESH:D052016	llm_extracted	29352461		1	0.8	positive	2026-10-10	C	
NCBITaxon:482	biotransforms	MESH:D000431	llm_extracted	29685174		1	0.95	positive	2026-10-10	C	
NCBITaxon:1309	biotransforms	MESH:D013395	llm_extracted	28571487		1	0.95	positive	2026-10-10	C	
NCBITaxon:216851	biotransforms	MESH:D019289	llm_extracted	27994578		1	0.85	positive	2026-10-10	C	
NCBITaxon:848	biotransforms	MESH:D008239	llm_extracted	27994578		1	0.75	positive	2026-10-10	C	
NCBITaxon:837	aggravates	MESH:D007333	llm_extracted	27576340		1	0.75	positive	2026-10-10	C	
NCBITaxon:1678	alleviates	MESH:D063646	llm_extracted	27348268		1	0.95	positive	2026-10-10	C	
NCBITaxon:837	aggravates	MESH:D055113	llm_extracted	26903954		1	0.95	positive	2026-10-10	C	
NCBITaxon:1304	alleviates	MESH:D012141	llm_extracted	26205666		1	0.9	positive	2026-10-10	C	
NCBITaxon:1301	biotransforms	MESH:D002241	llm_extracted	26377570		1	0.9	positive	2026-10-10	C	
NCBITaxon:1654	biotransforms	MESH:D002241	llm_extracted	26377570		1	0.85	positive	2026-10-10	C	
NCBITaxon:1578	biotransforms	MESH:D002241	llm_extracted	26377570		1	0.85	positive	2026-10-10	C	
NCBITaxon:838	produces	MESH:D000641	llm_extracted	26377570		1	0.75	positive	2026-10-10	C	
NCBITaxon:836	produces	MESH:D000641	llm_extracted	26377570		1	0.8	positive	2026-10-10	C	
NCBITaxon:28112	consumes	MESH:D019158	llm_extracted	26378150		1	0.9	positive	2026-10-10	C	
NCBITaxon:482	biotransforms	MESH:D000079	llm_extracted	25809116		1	0.9	positive	2026-10-10	C	
NCBITaxon:5476	aggravates	MESH:D009181	llm_extracted	25870228		1	0.8	positive	2026-10-10	C	
NCBITaxon:5476	aggravates	MESH:D007239	llm_extracted	25870228		1	0.9	positive	2026-10-10	C	
NCBITaxon:837	aggravates	MESH:D064806	llm_extracted	26218067		1	0.9	positive	2026-10-10	C	
NCBITaxon:851	produces	MESH:D005232	llm_extracted	28721234		1	0.55	positive	2026-10-10	C	
NCBITaxon:1580	alleviates	MESH:D007249	llm_extracted	24483135		1	0.9	positive	2026-10-10	C	
NCBITaxon:1580	alleviates	MESH:D001847	llm_extracted	24483135		1	0.85	positive	2026-10-10	C	
NCBITaxon:1309	produces	MESH:D061065	llm_extracted	22281750		1	0.9	positive	2026-10-10	C	
NCBITaxon:1309	produces	MESH:C555906	llm_extracted	22281750		1	0.95	positive	2026-10-10	C	
NCBITaxon:5476	produces	MESH:D000079	llm_extracted	19793674		1	0.9	positive	2026-10-10	C	
NCBITaxon:158	biotransforms	MESH:D003545	llm_extracted	11854190		1	0.9	positive	2026-10-10	C	
NCBITaxon:158	biotransforms	MESH:D013438	llm_extracted	11854190		1	0.9	positive	2026-10-10	C	
NCBITaxon:547	biotransforms	MESH:D013634	llm_extracted	40798872		1	0.6	positive	2026-10-10	C	
NCBITaxon:166486	alleviates	MESH:D007410	llm_extracted	40831218		1	0.9	positive	2026-10-10	C	
NCBITaxon:469	affects	MESH:D001663	llm_extracted	40907251		1	0.7	neutral	2026-10-10	C	
NCBITaxon:1352	produces	MESH:D019344	llm_extracted	41128994		1	0.85	positive	2026-10-10	C	
NCBITaxon:1352	produces	MESH:D019342	llm_extracted	41128994		1	0.75	positive	2026-10-10	C	
NCBITaxon:1492	produces	MESH:D020148	llm_extracted	41143997		1	0.95	positive	2026-10-10	C	
NCBITaxon:359407	biotransforms	MESH:D004051	llm_extracted	40997471		1	0.85	positive	2026-10-10	C	
NCBITaxon:659243	alleviates	MESH:D009181	llm_extracted	40960226		1	0.9	positive	2026-10-10	C	
NCBITaxon:659243	alleviates	MESH:D015715	llm_extracted	40960226		1	0.9	positive	2026-10-10	C	
LFS:FOOD:dairy_product	promotes_growth	NCBITaxon:85831	llm_extracted	40943165		1	0.85	positive	2026-10-10	C	
NCBITaxon:1971397	biotransforms	MESH:D002686	llm_extracted	41011365		1	0.85	positive	2026-10-10	C	
NCBITaxon:851	affects	MESH:D005978	llm_extracted	40871411		1	0.8	neutral	2026-10-10	C	
NCBITaxon:361050	produces	MESH:D002338	llm_extracted	40765519		1	0.9	positive	2026-10-10	C	
NCBITaxon:853	produces	MESH:D020148	llm_extracted	40860435		1	0.6	positive	2026-10-10	C	
NCBITaxon:853	alleviates	MESH:109730	llm_extracted	40860435		1	0.75	positive	2026-10-10	C	
NCBITaxon:1352	biotransforms	MESH:D005707	llm_extracted	40000891		1	0.8	positive	2026-10-10	C	
NCBITaxon:158846	biotransforms	MESH:D007294	llm_extracted	40852190		1	0.55	positive	2026-10-10	C	
NCBITaxon:1622	alleviates	MESH:D007239	llm_extracted	40732218		1	0.9	positive	2026-10-10	C	
NCBITaxon:1622	alleviates	MESH:D001424	llm_extracted	40732218		1	0.9	positive	2026-10-10	C	
NCBITaxon:286	biotransforms	MESH:C043377	llm_extracted	40414132		1	0.85	positive	2026-10-10	C	
NCBITaxon:238749	biotransforms	MESH:C043377	llm_extracted	40414132		1	0.85	positive	2026-10-10	C	
NCBITaxon:13687	biotransforms	MESH:C043377	llm_extracted	40414132		1	0.72	positive	2026-10-10	C	
NCBITaxon:459786	produces	MESH:D005232	llm_extracted	40731980		1	0.8	positive	2026-10-10	C	
NCBITaxon:1432051	produces	MESH:D002087	llm_extracted	40646729		1	0.9	positive	2026-10-10	C	
