assertion_id	dimension	extracted_value	status	source	applicable	unknown_reason	evidence_anchor_window	evidence_full_span_head	human_supported_yes_no	reviewer_note
RA-e2a90c64f874ce25762d	anatomical_site	skin	explicit	abstract_sentence	True		...s, a well-known pathogen, increases inflammatory responses within the skin for example, colonization by staphylococcus aureus, a well-known pathogen, increases ...	colonization by staphylococcus aureus, a well-known pathogen, increases inflammatory responses within the skin for examp		
RA-730e98dcdfde44ba14fa	anatomical_site	airway	explicit	abstract_sentence	True		confer protection against allergen-induced airway disorders murine studies have demonstrated that specific bacterial species (e.g. la...	confer protection against allergen-induced airway disorders murine studies have demonstrated that specific bacterial spe		
RA-57654b33a5f0e204d7f1	anatomical_site	skin	explicit	abstract_sentence	True		...ence of staphylococcus aureus further promotes barrier disruption and skin inflammation recent data on adult patients with ns suggest that the presence of staph...	the presence of staphylococcus aureus further promotes barrier disruption and skin inflammation recent data on adult pat		
RA-bbf67c8639612b35a5bf	anatomical_site	liver	explicit	abstract_sentence	True		...well as its conversion to thiamine and subsequent accumulation in the liver.	b. virosa treatment significantly enhances the production of thiamine monophosphate (tmp) integration of metagenomic and		
RA-db78a88f165b2920b710	diet	inulin	explicit	abstract_sentence	True		...tive abundances of streptococcus, veillonella, fusobacterium results: inulin supplementation produced statistically significant dose-dependent increases in rela...	with concomitant decreases in relative abundances of streptococcus, veillonella, fusobacterium results: inulin supplemen		
RA-628e5b1b6382f964ee27	diet	FOS	explicit	abstract_sentence	True		are predominantly responsible for fos metabolization species of bacteroides and roseburia; namely, b. caccae, b. finegoldii,...	are predominantly responsible for fos metabolization species of bacteroides and roseburia; namely, b. caccae, b. finegol		
RA-ac8d22dfc67591116e00	diet	GOS	explicit	abstract_sentence	True		11 g of gos significantly increased anaerostipes hadrus a clear dose-response of gos was seen on f...	11 g of gos significantly increased anaerostipes hadrus a clear dose-response of gos was seen on fecal bifidobacterium, 		
RA-17519de57040fb480149	diet	diet	explicit	abstract_sentence	True		... anaerostipes sp., and associated synthesizing enzymes erb-containing diet stimulated butyrate and propionate production by promoting anaerostipes, anaerostipes...	promoting anaerostipes, anaerostipes sp., and associated synthesizing enzymes erb-containing diet stimulated butyrate an		
RA-ce2d4f79ef15f2851d03	disease	IBD	explicit	abstract_sentence	True		r. intestinalis supernatant ameliorated ibd colitis it was observed that r. intestinalis supernatant ameliorated ibd colitis by re...	r. intestinalis supernatant ameliorated ibd colitis it was observed that r. intestinalis supernatant ameliorated ibd col		
RA-a2390089ba8b1cdb84e7	disease	diabetes	explicit	abstract_sentence	True		romboutsia ilealis-derived pgm was enriched in the diabetes group, which could catalyze the production of glucose furthermore, structural equ...	romboutsia ilealis-derived pgm was enriched in the diabetes group, which could catalyze the production of glucose furthe		
RA-fde3bcf74e7b5700b016	disease	cancer	explicit	abstract_sentence	True		...s subsequently demonstrated its ability to induce colitis, colorectal cancer, and extraintestinal diseases targeted h. hepaticus infection experiments subsequen...	h. hepaticus infection experiments subsequently demonstrated its ability to induce colitis, colorectal cancer, and extra		
RA-4b749d8818d14669858f	disease	inflammation	explicit	abstract_sentence	True		causes rough skin and inflammation in atopic dermatitis bacterial microbiome on the skin surface include staphyl...	causes rough skin and inflammation in atopic dermatitis bacterial microbiome on the skin surface include staphylococcus 		
RA-b8888edbc26cba6d5ae6	disease_stage	chronic	explicit	abstract_sentence	True		b. adolescentis ameliorates chronic colitis b. adolescentis ameliorates chronic colitis by regulating treg/th2 respons...	b. adolescentis ameliorates chronic colitis b. adolescentis ameliorates chronic colitis by regulating treg/th2 response 		
RA-5f69f1ed0ba722d3ee72	disease_stage	acute	explicit	abstract_sentence	True		...ntly ameliorated the symptoms in dextran sulfate sodium (dss)-induced acute colitis, evidenced by decreased body weight loss, colon length shortening, and colon...	evidenced by decreased body weight loss oral administration of a. muciniphila strain baa-835 significantly ameliorated t		
RA-43d8903548301d2d2192	disease_stage	acute	explicit	abstract_sentence	True		alleviates the development of acute colitis in mice oral delivery of a lactococcus lactis strain secreting bovine lactof...	alleviates the development of acute colitis in mice oral delivery of a lactococcus lactis strain secreting bovine lactof		
RA-36baf7437def2c1e391d	disease_stage	severe	explicit	abstract_sentence	True		...y influence glucose tolerance and insulin resistance in children with severe obesity.	may influence glucose tolerance and insulin resistance genus haemophilus and bifidobacterium longum may influence glucos		
RA-566f86c2e986b7e58e67	disease_subtype	ulcerative	explicit	abstract_sentence	True		...is capsular polysaccharide from bacteroides fragilis protects against ulcerative colitis in an undegraded form.	capsular polysaccharide from bacteroides fragilis capsular polysaccharide from bacteroides fragilis protects against ulc		
RA-9d74a6fd3f9aeb7fbb41	disease_subtype	ulcerative	explicit	abstract_sentence	True		...cteroides fragilis protects animals from intestinal diseases, such as ulcerative colitis, and its capsular polysaccharide plays a key role in reducing inflammat...	bacteroides fragilis protects animals from intestinal diseases the prominent human symbiont bacteroides fragilis protect		
RA-8d6a51d25bf3dde9cb97	disease_subtype	atopic	explicit	abstract_sentence	True		...aureus (s. aureus) strain isolated from skin lesions of patients with atopic dermatitis (ad) in vitro and in vivo.	glycerol fermentation of s. epidermidis glycerol fermentation of s. epidermidis resulted in the production of butyric ac		
RA-2f9e0066ae4722a24eb4	disease_subtype	atopic	explicit	abstract_sentence	True		...ith a low-responding phenotype in a murine oxazolone-induced model of atopic dermatitis.	dietary prebiotics promote intestinal prevotella dietary prebiotics promote intestinal prevotella in association with a 		
RA-c15eef26a2c32388aa10	endpoint	proliferation	explicit	abstract_sentence	True		the components that favour proliferation of akkermansia flavonoids, rather than dietary fibre, were suggested to be t...	the components that favour proliferation of akkermansia flavonoids, rather than dietary fibre, were suggested to be the 		
RA-4f3690b82ad3628b6129	endpoint	inflammation	explicit	abstract_sentence	True		...ammatory cytokine levels, f. prausnitzii was not only able to improve inflammation in both adipose tissue and liver, but also ameliorate hepatic steatosis throu...	ameliorate hepatic steatosis through inhibiting furthermore, based on evaluation of lipid-regulating enzyme activities a		
RA-54bac8bd6b9793dc08bd	endpoint	metastasis	explicit	abstract_sentence	True		candida albicans promotes oscc progression and metastasis candida albicans promotes oscc progression and metastasis through multiple mech...	candida albicans promotes oscc progression and metastasis candida albicans promotes oscc progression and metastasis thro		
RA-95efb3ac1ad2fe3d65f3	endpoint	progression	explicit	abstract_sentence	True		scardovia wiggsiae promotes periodontitis progression in mice third-generation sequencing-selected scardovia wiggsiae promotes perio...	scardovia wiggsiae promotes periodontitis progression in mice third-generation sequencing-selected scardovia wiggsiae pr		
RA-2b97fc6e46ad19d4b859	experimental_model	DSS	explicit	abstract_sentence	True		...835 significantly ameliorated the symptoms in dextran sulfate sodium (dss)-induced acute colitis oral administration of a. muciniphila strain baa-835 significan...	oral administration of a. muciniphila strain baa-835 significantly ameliorated the symptoms in dextran sulfate sodium (d		
RA-10fa73e1581f31a1f7a9	experimental_model	in vitro	explicit	abstract_sentence	True		elicit an anti-inflammatory response moreover, in vivo and in vitro studies demonstrate the action of specific gut bacteria (lactobacillus and bifido...	elicit an anti-inflammatory response moreover, in vivo and in vitro studies demonstrate the action of specific gut bacte		
RA-7fd529f50a81ab525e45	experimental_model	in vitro	explicit	abstract_sentence	True		e. coli supplies cysteine to its auxotrophic partner in vitro, we demonstrate that interactions between e. coli and bifidobacterium bifidum are...	e. coli supplies cysteine to its auxotrophic partner in vitro, we demonstrate that interactions between e. coli and bifi		
RA-30bfca68b5defd5b6cb1	experimental_model	in vitro	explicit	abstract_sentence	True		...ial bacteria such as bifidobacterium, prevotella additionally, during in vitro fecal microbial fermentation, tibetan tea polysaccharides can promote the growth ...	tibetan tea polysaccharides can promote the growth of some beneficial bacteria such as bifidobacterium, prevotella addit		
RA-7d2b0433b99b60a6cfe9	geography	china	explicit	abstract_sentence	True		...lactate synthase impairs glycemic control in type 2 diabetes in south china.	staphylococcus aureus -expressed acetolactate synthase impairs glycemic control in type 2 diabetes gut microbiota-driven		
RA-c80a184457a63e079181	geography	china	explicit	abstract_sentence	True		...lactate synthase impairs glycemic control in type 2 diabetes in south china.	gut microbiota-driven bcaa biosynthesis via staphylococcus aureus -expressed acetolactate synthase gut microbiota-driven		
RA-31011682f9c0a7204eea	host_species	mice	explicit	abstract_sentence	True		...l instability and pro-inflammatory metabolic alterations in asd model mice, underscoring the role of the oral-gut-brain axis in asd.	s. mutans colonized only transiently, it provoked exacerbated ecological instability and pro-inflammatory metabolic alte		
RA-5381df3e66df4eb4f52f	host_species	mice	explicit	abstract_sentence	True		...a previously uncharacterized microbiome-transformation of cholesterol mice monocolonized with bacteroides thetaiotaomicron lacking bt_0416 showed altered host c...	identifying a previously uncharacterized microbiome-transformation of cholesterol mice monocolonized with bacteroides th		
RA-a123e46a5cc234d31b7c	host_species	murine	explicit	abstract_sentence	True		...ay function deterioration and promotes gut microbiome resilience in a murine asthma model.	prevents airway function deterioration lactobacillus rhamnosus probiotic prevents airway function deterioration and prom		
RA-0c5545c2dd92f2b96d91	host_species	mouse	explicit	abstract_sentence	True		... tissue and it promoted tumour growth and metastatic progression in a mouse model.	promoted tumour growth and metastatic progression the oral bacterium involved in periodontal disease, fusobacterium nucl		
RA-d2e19d5fd8473773fbc4	intervention	supplemented	explicit	abstract_sentence	True		...robial metabolites (e.g. the short-chain fatty acid propionate), when supplemented to animals, confer protection against allergen-induced airway disorders.	confer protection against allergen-induced airway disorders murine studies have demonstrated that specific bacterial spe		
RA-1e36ab25f8c8717c42a7	intervention	supplemented	explicit	abstract_sentence	True		...terizing the cecal microbiota of 35-day-old ross 308 broiler chickens supplemented with a crude fraction of bacillus subtilis gm5 lipopeptides in comparison wit...	crude fraction of bacillus subtilis gm5 lipopeptides we report 16s rrna gene sequencing data characterizing the cecal mi		
RA-730e98dcdfde44ba14fa	intervention	supplemented	explicit	abstract_sentence	True		...robial metabolites (e.g. the short-chain fatty acid propionate), when supplemented to animals, confer protection against allergen-induced airway disorders.	confer protection against allergen-induced airway disorders murine studies have demonstrated that specific bacterial spe		
RA-c1be7d7bb9bf2c9865c4	intervention	gavage	explicit	abstract_sentence	True		b. adolescentis gavage exhibited protective effects as evidenced by the significantly decreased diarrhea s...	b. adolescentis gavage exhibited protective effects as evidenced by the significantly decreased diarrhea score we found 		
RA-c29836df093925f4b371	strain	engineered	explicit	abstract_sentence	True		...arboxylase (tyrdc), serves as a microbial ligand for adra2a. using an engineered tyrdc-deficient enterococcus faecalis strain and intestinal epithelial cell-spe...	tyramine, primarily produced by enterococcus via tyrosine decarboxylase (tyrdc) through presto-tango screening, we demon		
RA-a0840e15b7c03965b8ea	strain	engineered	explicit	abstract_sentence	True		...ated patients or administration of an aromatic trace amines-producing engineered lactobacillus casei alleviated constipation-like symptoms and enhanced serotoni...	lactobacillus casei alleviated constipation-like symptoms consistent with these findings, the colonization of mice with 		
RA-c25f62e0d708d4d8d0d1	strain	engineered	explicit	abstract_sentence	True		engineered s. cerevisiae showed anti-inflammatory activity the engineered s. cerevisiae sh...	engineered s. cerevisiae showed anti-inflammatory activity the engineered s. cerevisiae showed anti-inflammatory activit		
RA-00583c3cf28a8a4b9ad1	strain	engineered	explicit	abstract_sentence	True		engineered escherichia coli strain expressing bc-derived phenyllactate dehydrogenase (fldh...	engineered escherichia coli strain expressing bc-derived phenyllactate dehydrogenase (fldh), we establish that both diet		
RA-d054e45b034f2cee0fdb	study_type	cohort	explicit	abstract_sentence	True		...pplication of computational data modeling to a large-scale population cohort assists the discovery of inositol as a strain-specific substrate for faecalibacteri...	discovery of inositol as a strain-specific substrate for application of computational data modeling to a large-scale pop		
RA-b64fa59319cb069e447c	timepoint	weeks	explicit	abstract_sentence	True		...nistration of a strain of lactobacillus (lactobacillus murinus) for 2 weeks attenuated the increased levels of stress-induced corticosterone and anxiety-like be...	stress-induced corticosterone and anxiety-like behavior in subsequent experiments, we found that oral administration of 		
RA-59887cf31919f7613551	timepoint	days	explicit	abstract_sentence	True		...of adlercreutzia at the genus level, dietary fiber intervention for 4 days significantly promoted the growth of alloprevotella, parabacteroides and parasutterel...	inhibited the growth of adlercreutzia at the genus level, dietary fiber intervention for 4 days significantly promoted t		
RA-ff94a73ae8011aa8de50	timepoint	days	explicit	abstract_sentence	True		30-70% ammonia removal within 10 days, with nitrosomonas sp. exhibiting the highest efficiency individual strains demonstra...	30-70% ammonia removal within 10 days, with nitrosomonas sp. exhibiting the highest efficiency individual strains demons		
RA-a3a81156552f02981ecf	timepoint	hours	explicit	abstract_sentence	True		...rospun fibers with or without l. crispatus decreased gbs burden at 24 hours, suggesting l. crispatus-dependent and -independent anti-gbs activity, and l. crispa...	l. crispatus-dependent and -independent anti-gbs activity treatment of pre-established gbs infection with electrospun fi		
RA-19e44761ce619525bbcb	dose		unknown		False	not_applicable	f. rodentium), which led to a significant alleviation bacterial 16s rrna sequencing analysis showed ahp greatly reshaped the overall structure of microbiota, es	f. rodentium), which led to a significant alleviation bacterial 16s rrna sequencing analysis showed ahp greatly reshaped		
RA-2674b9f74d00f6e5056d	dose		unknown		False	not_applicable	clostridium difficile contribute to gastrointestinal disorders by producing toxins, increasing mucosal permeability, and stimulating inflammatory responses in c	clostridium difficile contribute to gastrointestinal disorders by producing toxins, increasing mucosal permeability, and		
RA-3c964fd7285679e1738c	dose		unknown		False	not_applicable	promoting lachnoclostridium edouardi metabolism of short-chain fatty acids mechanistic study of dendrobium huoshanense polysaccharides improving ulcerative coli	promoting lachnoclostridium edouardi metabolism of short-chain fatty acids mechanistic study of dendrobium huoshanense p		
RA-00583c3cf28a8a4b9ad1	dose		unknown		False	not_applicable	engineered escherichia coli strain expressing bc-derived phenyllactate dehydrogenase (fldh), we establish that both dietary trp and bacterial fldh activity are 	engineered escherichia coli strain expressing bc-derived phenyllactate dehydrogenase (fldh), we establish that both diet		
RA-9cc5cc0855facca1d91d	dose		unknown		False	not_applicable	ra-elevated l. reuteri and i3a significantly reduced m1 macrophage level and alleviated uc in mice. ra and its primary components costunolide and dehydrocostusl	ra-elevated l. reuteri and i3a significantly reduced m1 macrophage level and alleviated uc in mice. ra and its primary c		
RA-19e44761ce619525bbcb	strain		unknown		True	not_present_in_available_evidence	f. rodentium), which led to a significant alleviation bacterial 16s rrna sequencing analysis showed ahp greatly reshaped the overall structure of microbiota, es	f. rodentium), which led to a significant alleviation bacterial 16s rrna sequencing analysis showed ahp greatly reshaped		
RA-19e44761ce619525bbcb	host_species		unknown		True	not_present_in_available_evidence	f. rodentium), which led to a significant alleviation bacterial 16s rrna sequencing analysis showed ahp greatly reshaped the overall structure of microbiota, es	f. rodentium), which led to a significant alleviation bacterial 16s rrna sequencing analysis showed ahp greatly reshaped		
RA-19e44761ce619525bbcb	host_population		unknown		True	not_present_in_available_evidence	f. rodentium), which led to a significant alleviation bacterial 16s rrna sequencing analysis showed ahp greatly reshaped the overall structure of microbiota, es	f. rodentium), which led to a significant alleviation bacterial 16s rrna sequencing analysis showed ahp greatly reshaped		
RA-19e44761ce619525bbcb	geography		unknown		True	not_present_in_available_evidence	f. rodentium), which led to a significant alleviation bacterial 16s rrna sequencing analysis showed ahp greatly reshaped the overall structure of microbiota, es	f. rodentium), which led to a significant alleviation bacterial 16s rrna sequencing analysis showed ahp greatly reshaped		
RA-19e44761ce619525bbcb	disease		unknown		True	not_present_in_available_evidence	f. rodentium), which led to a significant alleviation bacterial 16s rrna sequencing analysis showed ahp greatly reshaped the overall structure of microbiota, es	f. rodentium), which led to a significant alleviation bacterial 16s rrna sequencing analysis showed ahp greatly reshaped		
