subject	predicate	object	source_type	pmids	years	support_count	confidence	polarity	last_updated	evidence_tier	conflict_state	evidence	verdict	sampled_at
NCBITaxon:837	aggravates	MESH:D007249	llm_extracted	24866802;26218067;27576340;28216438;31370775;32224547;32560235;33816329;35244967;35463645;38243562;42486578		12	0.88	positive	2026-10-06	B		[24866802] can orchestrate inflammatory disease by turning a benign microbial community into a dysbiotic one || [26218067] and thereby induces systemic inflammation || [27576340] resulting in systemic inflammation and insulin resistance || [28216438] gingivalis lipopolysaccharide induces pro-inflammatory adipokine secretion || [31370775] induce production of inflammatory cytokines || [32224547] Inoculation with P. gingivalis and F. nucleatum induced inflammation throughout gastrointestinal tract || [32560235] induce predominantly pro-inflammatory (M1-like phenotypes) || [33816329] release of pro-inflammatory factors || [35244967] increased pro-inflammatory mediators || [35463645] P. gingivalis-administered mice, accompanied with an increase of adipose inflammation || [38243562] that lead to cell damage, apoptosis, and inflammation || [42486578] chronic inflammation via NF-kappaB activation by Porphyromonas gingivalis		2026-10-06
NCBITaxon:239935	alleviates	MESH:D007249	llm_extracted	31674689;34612661;34658866;36408726;37254162;38384263;39456922;41300441;41333470		9	0.95	positive	2026-10-06	B		[31674689] A. muciniphila decreased inflammatory cell infiltration || [34612661] Oral administration of A. muciniphila strain BAA-835 significantly ameliorated the symptoms in dextran sulfate sodium (DSS)-induced acute colitis || [34658866] Administration of A. muciniphila alleviated the colonic inflammation || [36408726] A. muciniphila significantly reduced the levels of the LPS-induced cellular inflammatory factors || [37254162] A. muciniphila decreased pro-inflammatory-associated || [38384263] beneficial effects of A. muciniphila including anti-cancer, delaying aging, reducing inflammation || [39456922] emerge as promoters of anti-inflammatory effects || [41300441] reducing intestinal pro-inflammatory macrophage polarization || [41333470] suppressing pro-inflammatory cytokines		2026-10-06
LFS:FOOD:prebiotic	promotes_growth	NCBITaxon:1678	llm_extracted	22608658;34557167;34684597;35107857;35782954;36542391;37011713;37241738		8	0.95	positive	2026-10-06	B		[22608658] significant (p<0.05) increase of Bifidobacterium spp. in broilers treated with the galactooligosaccharide || [34557167] Dietary short-chain inulin significantly enhanced Bifidobacterium || [34684597] prebiotics increased the relative abundance of Bifidobacterium || [35107857] an increased abundance of Allobaculum and Bifidobacterium || [35782954] significantly increased after prebiotic supplementation || [36542391] Inulin supplementation produced statistically significant dose-dependent increases in relative abundances of Lactobacillus and Bifidobacterium species || [37011713] inulin restored potentially beneficial taxa including Bifidobacterium || [37241738] increases in the relative abundances of Bifidobacterium		2026-10-06
NCBITaxon:837	produces	MESH:D008070	llm_extracted	28216438;32714134;33816329;33888745;35034897;38807771;39604065;41294484		8	0.85	positive	2026-10-06	B		[28216438] Porphyromonas gingivalis lipopolysaccharide || [32714134] Periodontitis Induced by P. gingivalis-LPS || [33816329] lipopolysaccharide (LPS) of P. gingivalis || [33888745] P. gingivalis LPS || [35034897] Lipopolysaccharide of Porphyromonas gingivalis || [38807771] P. gingivalis' virulence factors (gingipains, lipopolysaccharide (LPS), and fimbriae) || [39604065] Lipopolysaccharides (LPSs) from Gram-negative bacteria like Tannerella forsythia, Treponema denticola, and Porphyromonas gingivalis || [41294484] Lipopolysaccharides (LPSs) and virulence factors derived from periodontal pathogens, particularly Porphyromonas gingivalis		2026-10-06
NCBITaxon:562	aggravates	MESH:D007249	llm_extracted	29494278;32586195;32691669;33539767;36809030;39926224		6	0.95	positive	2026-10-06	B		[29494278] promote chronic intestinal inflammation || [32586195] AIEC increases pro-inflammatory cytokine production || [32691669] induce TH1 cells and intestinal inflammation || [33539767] regulates phagocytes to drive intestinal inflammation || [36809030] E. coli colonization led to increased inflammation || [39926224] including Escherichia coli and Bacteroides fragilis, contribute to inflammation		2026-10-06
NCBITaxon:1305	produces	MESH:D006861	llm_extracted	22848782;30341079;30894650;36645283;38130629;40558055		6	0.95	positive	2026-10-06	B		[22848782] the production of H(2)O(2) in Streptococcus sanguinis || [30341079] hydrogen peroxide production in S. sanguinis || [30894650] protection of Porphyromonas gingivalis from Streptococcus sanguinis hydrogen peroxide production || [36645283] induced EBV lytic activation by its metabolite, H2O2 || [38130629] produced by less than 100 cells of Streptococcus sanguinis || [40558055] stimulating H2O2 production		2026-10-06
NCBITaxon:1598	alleviates	MESH:D007249	llm_extracted	32059742;32509162;33593426;38646869;40992648		5	0.92	positive	2026-10-06	B		[32059742] thus inhibiting inflammation || [32509162] reducing inflammation through multiple mechanisms || [33593426] against lipopolysaccharide-induced inflammatory responses || [38646869] that could reduce inflammation || [40992648] L. reuteri alleviated hepatic inflammation responses by reducing pro-inflammatory cytokines		2026-10-06
NCBITaxon:851	aggravates	MESH:D007249	llm_extracted	31370775;31737164;32105635;32224547;41161812		5	0.85	positive	2026-10-06	B		[31370775] Fusobacterium nucleatum induce production of inflammatory cytokines || [31737164] Inflammatory Cytokine Production by Activating AKT/MAPK || [32105635] challenged by Porphyromonas gingivalis and Fusobacterium nucleatum resulted in elevated inflammatory response || [32224547] F. nucleatum induced inflammation throughout || [41161812] F. nucleatum and Streptococcus, cause inflammation		2026-10-06
NCBITaxon:1492	alleviates	MESH:D007249	llm_extracted	32553747;38336953;38430808;42753368		4	0.95	positive	2026-10-06	B		[32553747] protective effect on acute intestinal inflammation || [38336953] C. butyricum supplementation has been observed to have a positive effect on various inflammation-related diseases || [38430808] Clostridium butyricum alleviated || [42753368] effectively alleviating uterine inflammation		2026-10-06
NCBITaxon:1578	alleviates	MESH:D007249	llm_extracted	29409331;34764887;36555774;38625681		4	0.95	positive	2026-10-06	B		[29409331] the two Lactobacillus strains significantly limited || [34764887] elicit an anti-inflammatory response || [36555774] preventing antagonistic effects including inflammation || [38625681] alleviated the intestinal barrier damage and inflammation		2026-10-06
NCBITaxon:837	aggravates	MESH:D010518	llm_extracted	22100158;29439598;36405968;36904068		4	0.95	positive	2026-10-06	B		[22100158] accelerates microbiota-mediated bone-destructive periodontitis || [29439598] Periodontitis was induced by inoculation of Porphyromonas gingivalis || [36405968] maintaining optimal pathogenicity in an experimental murine model of periodontitis || [36904068] Its Extracellular Vesicles Provoked Periodontitis		2026-10-06
NCBITaxon:837	aggravates	MESH:D009369	llm_extracted	33193429;33201403;35549648;35600164		4	0.95	positive	2026-10-06	B		[33193429] can promote tumor progression in mice || [33201403] Porphyromonas gingivalis promotes tumor progression || [35549648] Porphyromonas gingivalis promotes pancreatic tumorigenesis || [35600164] P. gingivalis had a predominantly pro-cancer effect		2026-10-06
NCBITaxon:1282	biotransforms	MESH:D005990	llm_extracted	27498050;31159213;31514281;32708352		4	0.95	positive	2026-10-06	B		[27498050] produces short-chain fatty acids by glycerol fermentation || [31159213] Glycerol fermentation of S. epidermidis || [31514281] glycerol fermentation of probiotic Staphylococcus epidermidis || [32708352] Glycerol fermentation was essential for the electricity		2026-10-06
NCBITaxon:216851	produces	MESH:D002087	llm_extracted	33864456;34513901;36553711;42098439		4	0.95	positive	2026-10-06	B		[33864456] The butyrate producing Faecalibacterium || [34513901] butyrate-producing Faecalibacterium || [36553711] dominant n-butyrate-producing bacteria was Faecalibacterium || [42098439] beneficial butyrate producers (Faecalibacterium		2026-10-06
NCBITaxon:1578	produces	MESH:D019344	llm_extracted	37042412;38444392;41161812;42360164		4	0.9	positive	2026-10-06	B		[37042412] lactic acid- and hydrogen peroxide-producing Lactobacillus species || [38444392] promoted growth of the Lactobacillus population, resulting in increased bacteria-derived lactate production || [41161812] Lactobacillus, can create metabolites like lactic acid || [42360164] Lactobacillus and other beneficial microbes and their mechanisms of action, including lactic acid and hydrogen peroxide production		2026-10-06
NCBITaxon:1280	aggravates	MESH:D003876	llm_extracted	31292342;31553991;31986325;33669791		4	0.9	positive	2026-10-06	B		[31292342] causes rough skin and inflammation in atopic dermatitis || [31553991] Staphylococcus aureus enrichment causes significant increases in skin lesions || [31986325] worsens disease outcome || [33669791] colonization, which exacerbates disease symptoms		2026-10-06
NCBITaxon:216851	produces	MESH:D005232	llm_extracted	34295880;36917032;40769014;41341501		4	0.9	positive	2026-10-06	B		[34295880] (SCFAs)-producing bacteria such as Faecalibacterium || [36917032] Short-chain fatty acids produced by Akkermansia and Faecalibacterium || [40769014] (SCFA)-producing microbes like Bacteroides, Faecalibacterium || [41341501] As a key SCFA-producing genus, Faecalibacterium		2026-10-06
NCBITaxon:562	produces	MESH:D008070	llm_extracted	28216438;29184853;32516912;36293528		4	0.85	positive	2026-10-06	B		[28216438] LPS from P. gingivalis periodontopathogen and E. coli || [29184853] E. coli LPS || [32516912] E. coli were the top contributors to these pathways || [36293528] including Bacteroides fragilis and Escherichia coli		2026-10-06
NCBITaxon:562	produces	MESH:C569566	llm_extracted	32475520;34065799;41292761		3	0.95	positive	2026-10-06	B		[32475520] colibactin, cytotoxic necrotizing factors and alpha-hemolysin from Escherichia coli || [34065799] Colibactin is a secondary metabolite encoded by the pks gene island identified in several Enterobacteriaceae, including some pathogenic Escherichia coli || [41292761] colibactin-producing E. coli		2026-10-06
LFS:FOOD:prebiotic	promotes_growth	NCBITaxon:1578	llm_extracted	34314156;36542391;40895066		3	0.95	positive	2026-10-06	B		[34314156] The FOS treatment increased the beneficial bacteria Lactobacillus || [36542391] increases in relative abundances of Lactobacillus || [40895066] FOS supplementation significantly altered the beta-diversity of the gut microbiota, increasing the abundance of Bifidobacterium and Lactobacillus		2026-10-06
NCBITaxon:1678	produces	MESH:D005232	llm_extracted	36207740;38755201;41222846		3	0.95	positive	2026-10-06	B		[36207740] Bifidobacterium is the main producer of SCFAs in the gut flora || [38755201] metabolites derived from Bifidobacterium capable of utilizing inulin contained the abundance of SCFAs || [41222846] Lactobacillus, Bifidobacterium, and Lachnospirales that produce short-chain fatty acids (SCFAs)		2026-10-06
NCBITaxon:1590	produces	MESH:D005680	llm_extracted	36722409;36724279;36900437		3	0.95	positive	2026-10-06	B		[36722409] GABA (gamma-aminobutyric acid)-producing L. plantarum || [36724279] the levels of GABA produced by L. plantarum || [36900437] Lactobacillus plantarum is a GABA-producing bacteria		2026-10-06
NCBITaxon:851	aggravates	MESH:D009369	llm_extracted	33193429;33647328;39767682		3	0.95	positive	2026-10-06	B		[33193429] Fusobacterium nucleatum can promote tumor progression in mice || [33647328] promoted tumour growth and metastatic progression || [39767682] certain bacteria, like Fusobacterium nucleatum and Bacteroides fragilis, can stimulate the growth of tumors		2026-10-06
NCBITaxon:853	alleviates	MESH:D007249	llm_extracted	30765132;33054518;37025162		3	0.95	positive	2026-10-06	B		[30765132] F. prausnitzii may suppress inflammation through its secreted metabolites || [33054518] anti-inflammatory effects of Faecalibacterium prausnitzii || [37025162] F. prausnitzii was not only able to improve inflammation		2026-10-06
NCBITaxon:853	produces	MESH:D002087	llm_extracted	31521614;34793284;38590519		3	0.95	positive	2026-10-06	B		[31521614] the major n-butyrate producer, Faecalibacterium prausnitzii || [34793284] F. prausnitzii produced excess butyrate || [38590519] The butyrate-producing bacterium Faecalibacterium duncaniae (formerly referred to as F. prausnitzii)		2026-10-06
NCBITaxon:2173	produces	MESH:D008697	llm_extracted	34538034;35107058;41020835		3	0.95	positive	2026-10-06	B		[34538034] reduce carbon dioxide (CO2) to methane || [35107058] methane producer Methanobrevibacter smithii || [41020835] methane production by Methanobrevibacter smithii		2026-10-06
NCBITaxon:1302	produces	MESH:D006861	llm_extracted	22848782;28613833;30341079		3	0.95	positive	2026-10-06	B		[22848782] the production of H(2)O(2) in Streptococcus sanguinis and Streptococcus gordonii || [28613833] H2O2 produced by Streptococcus gordonii || [30341079] hydrogen peroxide production in S. sanguinis and S. gordonii		2026-10-06
NCBITaxon:239935	produces	MESH:D005232	llm_extracted	33350422;40845731;42279452		3	0.9	positive	2026-10-06	B		[33350422] Akkermansia muciniphila, a short-chain fatty acid producer || [40845731] A. muciniphila improves insulin sensitivity, reduces adiposity, and increases GLP-1 secretion through mechanisms involving short-chain fatty acid (SCFA) production and TLR2 activation. || [42279452] Akkermansia muciniphila provide protective effects through short chain fatty acid production		2026-10-06
NCBITaxon:1578	produces	MESH:D005232	llm_extracted	38780275;39727670;41222846		3	0.9	positive	2026-10-06	B		[38780275] Lactobacillus-derived protoporphyrin IX and SCFAs || [39727670] produce short-chain fatty acids, such as Lactobacillus || [41222846] produce short-chain fatty acids (SCFAs)		2026-10-06
NCBITaxon:1496	aggravates	MESH:D015212	llm_extracted	32129694;32806873;36951545		3	0.9	positive	2026-10-06	B		[32129694] can trigger or worsen an IBD flare || [32806873] leading to worsening of underlying IBD || [36951545] Clostridioides difficile is a pathogen contributing to increased morbidity and mortality of patients with inflammatory bowel disease (IBD).		2026-10-06
NCBITaxon:47715	alleviates	MESH:D007249	llm_extracted	42070309		1	0.9	positive	2026-10-06	C	True	[42070309] Fermentation of chestnut protein by Lactobacillus rhamnosus ameliorates chronic inflammation		2026-10-06
NCBITaxon:47715	aggravates	MESH:D007249	llm_extracted	32522072		1	0.8	positive	2026-10-06	C	True	[32522072] contributed to lower airway inflammation		2026-10-06
NCBITaxon:210	alleviates	MESH:D007249	llm_extracted	25074917;30240703		2	0.9	positive	2026-10-06	C	True	[25074917] treatment of allergic airway inflammation || [30240703] pylori exposure reduces allergic airway inflammation		2026-10-06
NCBITaxon:210	aggravates	MESH:D007249	llm_extracted	40611186		1	0.85	positive	2026-10-06	C	True	[40611186] promoting systemic inflammation		2026-10-06
NCBITaxon:216816	alleviates	MESH:D007249	llm_extracted	38487897		1	0.95	positive	2026-10-06	C		[38487897] Bifidobacterium longum could alleviate inflammation		2026-10-06
NCBITaxon:28026	alleviates	MESH:D018149	llm_extracted	36985331		1	0.6	positive	2026-10-06	C		[36985331] could confer resistance to glucose intolerance		2026-10-06
NCBITaxon:1496	produces	MESH:C019475	llm_extracted	40925393		1	0.6	positive	2026-10-06	C		[40925393] were detected in 39 C. difficile isolate cultures		2026-10-06
NCBITaxon:33959	alleviates	MESH:D013119	llm_extracted	40502000		1	0.85	positive	2026-10-06	C		[40502000] feeding this to mice with a clinically relevant spinal cord injury improved host health		2026-10-06
NCBITaxon:76773	alleviates	MESH:D007249	llm_extracted	40309262		1	0.6	positive	2026-10-06	C		[40309262] induced by M. globosa may restrain the development of TSLP and inhibit the Th1/Th2 type skin inflammation		2026-10-06
NCBITaxon:562	produces	MESH:C000614854	llm_extracted	39406702		1	0.85	positive	2026-10-06	C		[39406702] an E. coli strain overexpressing the gene converts the typical AlaS substrates glycine and succinyl-CoA into 5-ALA		2026-10-06
NCBITaxon:1423	alleviates	MESH:D003108	llm_extracted	36439850		1	0.85	positive	2026-10-06	C		[36439850] B. subtilis and E. faecium attenuated colonic injury		2026-10-06
NCBITaxon:820	biotransforms	MESH:D014364	llm_extracted	42182364		1	0.85	positive	2026-10-06	C		[42182364] both B. rodentium and B. uniformis harbor tryptophanase A ( TnaA ) and aromatic amino transferase ( ArAT ) genes, both of which function in tryptophan degradation		2026-10-06
NCBITaxon:158846	biotransforms	MESH:D007294	llm_extracted	40852190		1	0.55	positive	2026-10-06	C		[40852190] which may promote EC progression by degrading inositol		2026-10-06
NCBITaxon:1705	biotransforms	MESH:D011422	llm_extracted	41138387		1	0.85	positive	2026-10-06	C		[41138387] Propionate degradation was mainly attributed to Corynebacterium stationis and Corynebacterium casei, through the ackA and pta enzymes.		2026-10-06
NCBITaxon:1302	produces	MESH:D009952	llm_extracted	35852319		1	0.9	positive	2026-10-06	C		[35852319] S. gordonii secretes ornithine		2026-10-06
LFS:FOOD:prebiotic	promotes_growth	NCBITaxon:1872530	llm_extracted	34182773		1	0.9	positive	2026-10-06	C		[34182773] beta-glucan promoted a large increase of the target bacteria		2026-10-06
NCBITaxon:207244	produces	MESH:D005227	llm_extracted	42388846		1	0.9	positive	2026-10-06	C		[42388846] Short-chain fatty acid producing genera		2026-10-06
NCBITaxon:1578	produces	MESH:C028025	llm_extracted	38780275		1	0.9	positive	2026-10-06	C		[38780275] Lactobacillus-derived protoporphyrin IX		2026-10-06
NCBITaxon:830	biotransforms	MESH:D005977	llm_extracted	41593747		1	0.8	positive	2026-10-06	C		[41593747] amino acid-derived substrates (e.g., glutarate		2026-10-06
NCBITaxon:1309	aggravates	MESH:D007249	llm_extracted	42256253		1	0.85	positive	2026-10-06	C		[42256253] S. mutans colonized only transiently, it provoked exacerbated ecological instability and pro-inflammatory metabolic alterations		2026-10-06
NCBITaxon:165697	produces	MESH:D013779	llm_extracted	32254021		1	0.9	positive	2026-10-06	C		[32254021] identified TTX-producing bacterial strains from four genera		2026-10-06
NCBITaxon:831	produces	MESH:D002087	llm_extracted	26988895		1	0.9	positive	2026-10-06	C		[26988895] Butyrivibrio fibrisolvens, a butyrate producer		2026-10-06
NCBITaxon:239935	alleviates	MESH:D064806	llm_extracted	40877018		1	0.95	positive	2026-10-06	C		[40877018] alleviated gut dysbiosis		2026-10-06
