subject	predicate	object	score	evidence
NCBIGene:12801	sensitive_to	MESH:*	8.2614	predicted
NCBIGene:12801	sensitive_to	NCBIGene:16193	8.1805	predicted
NCBIGene:12801	sensitive_to	LFS:COND:Obesity	8.1714	predicted
NCBIGene:12801	sensitive_to	NCBIGene:21926	8.1613	predicted
NCBIGene:12801	sensitive_to	MESH:D003731	8.1501	predicted
MESH:D041881	sensitive_to	MESH:*	8.7236	predicted
MESH:D041881	sensitive_to	MESH:D003093	8.7091	predicted
MESH:D041881	sensitive_to	MESH:D003424	8.6311	predicted
MESH:D041881	sensitive_to	MESH:D015658	8.5767	predicted
MESH:D041881	sensitive_to	KEGG:hsa05140	8.5686	predicted
NCBITaxon:159272	sensitive_to	NCBIGene:81601	2.7143	predicted
NCBITaxon:159272	sensitive_to	LFS:COND:Psoriasis_vulgaris	2.66	predicted
NCBITaxon:159272	sensitive_to	LFS:COND:Library_preparation	2.65	predicted
NCBITaxon:159272	sensitive_to	CHEBI:8031	2.6277	predicted
NCBITaxon:159272	sensitive_to	MESH:D050500	2.6146	predicted
NCBIGene:16456	sensitive_to	MESH:*	8.0492	predicted
NCBIGene:16456	sensitive_to	KEGG:hsa05417	8.0301	predicted
NCBIGene:16456	sensitive_to	MESH:D003424	8.0028	predicted
NCBIGene:16456	sensitive_to	KEGG:hsa05132	7.9447	predicted
NCBIGene:16456	sensitive_to	MESH:D003093	7.9347	predicted
NCBITaxon:1357	sensitive_to	LFS:COND:Irritable_bowel_syndrome	0.8925	predicted
NCBITaxon:1357	sensitive_to	CHEBI:59783	0.8534	predicted
NCBITaxon:1357	sensitive_to	MESH:D008103	0.7715	predicted
NCBITaxon:1357	sensitive_to	MESH:D001120	0.7585	predicted
NCBITaxon:1357	sensitive_to	KEGG:hsa04622	0.7542	predicted
LFS:DRUG:Cefotiam_hydrochloride	sensitive_to	LFS:COND:Obesity	9.1233	predicted
LFS:DRUG:Cefotiam_hydrochloride	sensitive_to	MESH:*	9.1221	predicted
LFS:DRUG:Cefotiam_hydrochloride	sensitive_to	MESH:D003731	8.9955	predicted
LFS:DRUG:Cefotiam_hydrochloride	sensitive_to	NCBIGene:16193	8.9223	predicted
LFS:DRUG:Cefotiam_hydrochloride	sensitive_to	MESH:D010510	8.9199	predicted
NCBITaxon:501783	sensitive_to	NCBIGene:16193	6.2332	predicted
NCBITaxon:501783	sensitive_to	MESH:D003731	6.135	predicted
NCBITaxon:501783	sensitive_to	NCBIGene:12914	6.0694	predicted
NCBITaxon:501783	sensitive_to	NCBIGene:18260	6.0493	predicted
NCBITaxon:501783	sensitive_to	NCBIGene:21926	6.0481	predicted
LFS:DRUG:Pioglitazone	sensitive_to	MESH:*	8.5022	predicted
LFS:DRUG:Pioglitazone	sensitive_to	MESH:D003731	8.4202	predicted
LFS:DRUG:Pioglitazone	sensitive_to	NCBIGene:16193	8.3452	predicted
LFS:DRUG:Pioglitazone	sensitive_to	MESH:D010510	8.2884	predicted
LFS:DRUG:Pioglitazone	sensitive_to	MESH:D003424	8.2678	predicted
LFS:DRUG:Amoxapine	sensitive_to	MESH:*	8.4718	predicted
LFS:DRUG:Amoxapine	sensitive_to	MESH:D003731	8.3313	predicted
LFS:DRUG:Amoxapine	sensitive_to	LFS:COND:Type_II_diabetes_mellitus	8.316	predicted
LFS:DRUG:Amoxapine	sensitive_to	NCBIGene:21926	8.3129	predicted
LFS:DRUG:Amoxapine	sensitive_to	NCBIGene:16193	8.3026	predicted
KEGG:hsa05162	sensitive_to	MESH:*	9.1372	predicted
KEGG:hsa05162	sensitive_to	LFS:COND:Parkinson_s_disease	9.0075	predicted
KEGG:hsa05162	sensitive_to	LFS:COND:Obesity	9.0041	predicted
KEGG:hsa05162	sensitive_to	LFS:COND:Type_II_diabetes_mellitus	9.0031	predicted
KEGG:hsa05162	sensitive_to	MESH:D003731	8.978	predicted
NCBITaxon:539	sensitive_to	CHEBI:17568	5.6559	predicted
NCBITaxon:539	sensitive_to	KEGG:hsa05162	5.554	predicted
NCBITaxon:539	sensitive_to	KEGG:hsa05132	5.5103	predicted
NCBITaxon:539	sensitive_to	KEGG:hsa04064	5.4927	predicted
NCBITaxon:539	sensitive_to	LFS:COND:Cytokine	5.4926	predicted
NCBIGene:151306	sensitive_to	MESH:*	8.5655	predicted
NCBIGene:151306	sensitive_to	NCBIGene:16193	8.5473	predicted
NCBIGene:151306	sensitive_to	KEGG:hsa05132	8.529	predicted
NCBIGene:151306	sensitive_to	KEGG:hsa05140	8.5115	predicted
NCBIGene:151306	sensitive_to	MESH:D010518	8.434	predicted
LFS:DRUG:Meropenem	sensitive_to	MESH:*	8.9986	predicted
LFS:DRUG:Meropenem	sensitive_to	NCBIGene:21926	8.9264	predicted
LFS:DRUG:Meropenem	sensitive_to	LFS:COND:Obesity	8.9074	predicted
LFS:DRUG:Meropenem	sensitive_to	LFS:COND:Type_II_diabetes_mellitus	8.901	predicted
LFS:DRUG:Meropenem	sensitive_to	MESH:D003731	8.8609	predicted
NCBITaxon:485	sensitive_to	MESH:*	7.8168	predicted
NCBITaxon:485	sensitive_to	MESH:D003731	7.6949	predicted
NCBITaxon:485	sensitive_to	MESH:D010510	7.6825	predicted
NCBITaxon:485	sensitive_to	NCBIGene:16193	7.6749	predicted
NCBITaxon:485	sensitive_to	MESH:D003424	7.6606	predicted
NCBITaxon:1303	sensitive_to	LFS:DRUG:Loratadine	0.4858	predicted
NCBITaxon:1303	sensitive_to	NCBITaxon:748224	0.4714	predicted
NCBITaxon:1303	sensitive_to	MESH:C563477	0.4544	predicted
NCBITaxon:1303	sensitive_to	LFS:DRUG:Avermectin_B1a	0.4521	predicted
NCBITaxon:1303	sensitive_to	MESH:D007669	0.4192	predicted
NCBITaxon:673271	sensitive_to	LFS:DRUG:Ampicillin_trihydrate	3.3234	predicted
NCBITaxon:673271	sensitive_to	LFS:DRUG:Azithromycin	3.3175	predicted
NCBITaxon:673271	sensitive_to	LFS:DRUG:Novobiocin_sodium_salt	3.2159	predicted
NCBITaxon:673271	sensitive_to	LFS:DRUG:Pinaverium_bromide	3.2049	predicted
NCBITaxon:673271	sensitive_to	LFS:DRUG:Gefitinib	3.2002	predicted
LFS:DRUG:Bufexamac	sensitive_to	NCBIGene:21926	8.0644	predicted
LFS:DRUG:Bufexamac	sensitive_to	MESH:*	7.9765	predicted
LFS:DRUG:Bufexamac	sensitive_to	NCBIGene:16193	7.9657	predicted
LFS:DRUG:Bufexamac	sensitive_to	MESH:D010510	7.8878	predicted
LFS:DRUG:Bufexamac	sensitive_to	NCBIGene:64177	7.8339	predicted
NCBITaxon:879612	sensitive_to	MESH:D003731	5.731	predicted
NCBITaxon:879612	sensitive_to	NCBIGene:16193	5.6564	predicted
NCBITaxon:879612	sensitive_to	LFS:DRUG:Ethacrynic_acid	5.6554	predicted
NCBITaxon:879612	sensitive_to	MESH:*	5.6428	predicted
NCBITaxon:879612	sensitive_to	NCBIGene:18260	5.5944	predicted
NCBITaxon:572511	sensitive_to	NCBIGene:22227	0.6437	predicted
NCBITaxon:572511	sensitive_to	NCBIGene:13117	0.6425	predicted
NCBITaxon:572511	sensitive_to	NCBIGene:13198	0.6373	predicted
NCBITaxon:572511	sensitive_to	MESH:D000077195	0.6254	predicted
NCBITaxon:572511	sensitive_to	NCBIGene:387140	0.6204	predicted
NCBITaxon:665949	sensitive_to	LFS:COND:Colorectal_cancer	6.3787	predicted
NCBITaxon:665949	sensitive_to	MESH:*	6.2946	predicted
NCBITaxon:665949	sensitive_to	MESH:D003424	6.2634	predicted
NCBITaxon:665949	sensitive_to	CHEBI:17759	6.2334	predicted
NCBITaxon:665949	sensitive_to	LFS:COND:Parkinson_s_disease	6.2281	predicted
LFS:DRUG:Ceforanide	sensitive_to	MESH:*	9.0051	predicted
LFS:DRUG:Ceforanide	sensitive_to	LFS:COND:Type_II_diabetes_mellitus	8.904	predicted
LFS:DRUG:Ceforanide	sensitive_to	MESH:D003731	8.9005	predicted
LFS:DRUG:Ceforanide	sensitive_to	LFS:COND:Obesity	8.841	predicted
LFS:DRUG:Ceforanide	sensitive_to	NCBIGene:21926	8.7857	predicted
LFS:COND:Sex_hormone_binding_globulin_measurement	sensitive_to	MESH:*	7.2292	predicted
LFS:COND:Sex_hormone_binding_globulin_measurement	sensitive_to	MESH:D000077195	7.174	predicted
LFS:COND:Sex_hormone_binding_globulin_measurement	sensitive_to	MESH:D003093	7.1655	predicted
LFS:COND:Sex_hormone_binding_globulin_measurement	sensitive_to	MESH:D004485	7.1445	predicted
LFS:COND:Sex_hormone_binding_globulin_measurement	sensitive_to	CHEBI:17202	7.1407	predicted
NCBITaxon:2062	sensitive_to	CHEBI:17759	6.064	predicted
NCBITaxon:2062	sensitive_to	MESH:D010510	6.0305	predicted
NCBITaxon:2062	sensitive_to	MESH:*	6.0198	predicted
NCBITaxon:2062	sensitive_to	MESH:D009203	5.906	predicted
NCBITaxon:2062	sensitive_to	MESH:D003424	5.9008	predicted
NCBITaxon:203692	sensitive_to	MESH:D010368	4.4826	predicted
NCBITaxon:203692	sensitive_to	LFS:DRUG:Isoconazole	4.4529	predicted
NCBITaxon:203692	sensitive_to	KEGG:hsa05130	4.434	predicted
NCBITaxon:203692	sensitive_to	LFS:DRUG:Erythromycin	4.4277	predicted
NCBITaxon:203692	sensitive_to	LFS:DRUG:Oxytetracycline_dihydrate	4.4271	predicted
NCBITaxon:931244	sensitive_to	KEGG:hsa05417	6.5565	predicted
NCBITaxon:931244	sensitive_to	KEGG:hsa05171	6.475	predicted
NCBITaxon:931244	sensitive_to	MESH:*	6.4305	predicted
NCBITaxon:931244	sensitive_to	MESH:D015179	6.4294	predicted
NCBITaxon:931244	sensitive_to	MESH:D003424	6.4019	predicted
LFS:COND:Cognitive_impairment	sensitive_to	MESH:*	8.3513	predicted
LFS:COND:Cognitive_impairment	sensitive_to	NCBIGene:21926	8.2364	predicted
LFS:COND:Cognitive_impairment	sensitive_to	NCBIGene:19016	8.1616	predicted
LFS:COND:Cognitive_impairment	sensitive_to	MESH:D001120	8.1462	predicted
LFS:COND:Cognitive_impairment	sensitive_to	KEGG:hsa05140	8.1399	predicted
LFS:DRUG:Thimerosal	sensitive_to	MESH:*	9.2517	predicted
LFS:DRUG:Thimerosal	sensitive_to	LFS:COND:Obesity	9.1826	predicted
LFS:DRUG:Thimerosal	sensitive_to	MESH:D003731	9.0875	predicted
LFS:DRUG:Thimerosal	sensitive_to	NCBIGene:21926	9.0866	predicted
LFS:DRUG:Thimerosal	sensitive_to	NCBIGene:16193	9.0737	predicted
LFS:DRUG:Ampicillin_trihydrate	sensitive_to	MESH:*	9.4127	predicted
LFS:DRUG:Ampicillin_trihydrate	sensitive_to	LFS:COND:Obesity	9.2809	predicted
LFS:DRUG:Ampicillin_trihydrate	sensitive_to	MESH:D003731	9.2253	predicted
LFS:DRUG:Ampicillin_trihydrate	sensitive_to	LFS:COND:Colorectal_cancer	9.1741	predicted
LFS:DRUG:Ampicillin_trihydrate	sensitive_to	LFS:COND:Type_II_diabetes_mellitus	9.1354	predicted
LFS:COND:Lactobacillus_rhamnosus_GG	sensitive_to	MESH:*	8.7378	predicted
LFS:COND:Lactobacillus_rhamnosus_GG	sensitive_to	MESH:D003731	8.6576	predicted
LFS:COND:Lactobacillus_rhamnosus_GG	sensitive_to	MESH:D003093	8.5487	predicted
LFS:COND:Lactobacillus_rhamnosus_GG	sensitive_to	MESH:D003924	8.5286	predicted
LFS:COND:Lactobacillus_rhamnosus_GG	sensitive_to	MESH:D003424	8.4806	predicted
LFS:DRUG:5_fluorouracil	sensitive_to	MESH:*	8.6839	predicted
LFS:DRUG:5_fluorouracil	sensitive_to	NCBIGene:21926	8.557	predicted
LFS:DRUG:5_fluorouracil	sensitive_to	LFS:COND:Obesity	8.5353	predicted
LFS:DRUG:5_fluorouracil	sensitive_to	MESH:D003731	8.4766	predicted
LFS:DRUG:5_fluorouracil	sensitive_to	NCBIGene:16193	8.4722	predicted
CHEBI:6650	sensitive_to	MESH:D003424	7.9661	predicted
CHEBI:6650	sensitive_to	MESH:*	7.9472	predicted
CHEBI:6650	sensitive_to	KEGG:hsa05132	7.8844	predicted
CHEBI:6650	sensitive_to	MESH:D015658	7.8702	predicted
CHEBI:6650	sensitive_to	NCBIGene:54631	7.8281	predicted
NCBITaxon:168384	sensitive_to	NCBIGene:72727	3.1862	predicted
NCBITaxon:168384	sensitive_to	LFS:DRUG:Iohexol	3.1751	predicted
NCBITaxon:168384	sensitive_to	MESH:*	3.125	predicted
NCBITaxon:168384	sensitive_to	MESH:D003093	3.1236	predicted
NCBITaxon:168384	sensitive_to	MESH:D003731	3.1226	predicted
NCBITaxon:512316	sensitive_to	MESH:*	7.786	predicted
NCBITaxon:512316	sensitive_to	MESH:D003731	7.7089	predicted
NCBITaxon:512316	sensitive_to	LFS:COND:Parkinson_s_disease	7.648	predicted
NCBITaxon:512316	sensitive_to	MESH:D003924	7.6338	predicted
NCBITaxon:512316	sensitive_to	LFS:COND:Colorectal_cancer	7.6183	predicted
NCBITaxon:506	sensitive_to	LFS:COND:Response_to_exercise	3.6732	predicted
NCBITaxon:506	sensitive_to	KEGG:hsa04664	3.662	predicted
NCBITaxon:506	sensitive_to	LFS:DRUG:Cephalosporanic_acid_7_amino	3.6585	predicted
NCBITaxon:506	sensitive_to	MESH:D054328	3.6507	predicted
NCBITaxon:506	sensitive_to	LFS:COND:Gut_microbiome_measurement_Acute_graft_vs_host_disease	3.6366	predicted
KEGG:hsa04022	sensitive_to	MESH:*	8.3729	predicted
KEGG:hsa04022	sensitive_to	MESH:D003731	8.3592	predicted
KEGG:hsa04022	sensitive_to	MESH:D003424	8.2767	predicted
KEGG:hsa04022	sensitive_to	MESH:D003093	8.234	predicted
KEGG:hsa04022	sensitive_to	MESH:D003924	8.1611	predicted
NCBITaxon:33024	sensitive_to	LFS:DRUG:Propidium_iodide	0.8096	predicted
NCBITaxon:33024	sensitive_to	LFS:DRUG:Nadifloxacin	0.7484	predicted
NCBITaxon:33024	sensitive_to	MESH:D001120	0.7481	predicted
NCBITaxon:33024	sensitive_to	LFS:DRUG:Loracarbef	0.7432	predicted
NCBITaxon:33024	sensitive_to	LFS:DRUG:Ticarcillin_sodium	0.7166	predicted
NCBITaxon:1922	sensitive_to	LFS:COND:Colorectal_cancer	6.5014	predicted
NCBITaxon:1922	sensitive_to	NCBIGene:12655	6.4664	predicted
NCBITaxon:1922	sensitive_to	MESH:*	6.4121	predicted
NCBITaxon:1922	sensitive_to	LFS:COND:Obesity	6.4111	predicted
NCBITaxon:1922	sensitive_to	KEGG:hsa04064	6.4055	predicted
KEGG:hsa04514	sensitive_to	MESH:*	8.7792	predicted
KEGG:hsa04514	sensitive_to	MESH:D003424	8.5353	predicted
KEGG:hsa04514	sensitive_to	MESH:D003093	8.5211	predicted
KEGG:hsa04514	sensitive_to	MESH:D009765	8.4677	predicted
KEGG:hsa04514	sensitive_to	LFS:COND:Colorectal_cancer	8.4533	predicted
MESH:D020148	sensitive_to	MESH:*	8.4458	predicted
MESH:D020148	sensitive_to	KEGG:hsa05132	8.4295	predicted
MESH:D020148	sensitive_to	MESH:D003731	8.4121	predicted
MESH:D020148	sensitive_to	MESH:D010510	8.38	predicted
MESH:D020148	sensitive_to	MESH:D003093	8.363	predicted
NCBIGene:3654	sensitive_to	LFS:DRUG:Tosufloxacin_hydrochloride	0.6887	predicted
NCBIGene:3654	sensitive_to	LFS:DRUG:Isoconazole	0.6723	predicted
NCBIGene:3654	sensitive_to	LFS:DRUG:Trifluoperazine_dihydrochloride	0.66	predicted
NCBIGene:3654	sensitive_to	LFS:DRUG:Doxorubicin_hydrochloride	0.6568	predicted
NCBIGene:3654	sensitive_to	LFS:DRUG:Benzethonium_chloride	0.6425	predicted
