id	name	category	aliases	xrefs	tax_rank
MESH:C000714387	chinese herbal formula QHF	Disease			
MESH:C046366	angiogenin	Disease			
MESH:C085278	hydroxysafflor yellow A	Disease			
MESH:C535244	yacon syrup	Disease			
MESH:C535916	Cartilage-hair hypoplasia	Disease			
MESH:C536315	Pediatric ulcerative colitis	Disease			
MESH:C551158	CPPS3 polysaccharide, Codonopsis pilosula	Disease			
MESH:C563365	Polyposis Syndrome, Hereditary Mixed, 1	Disease			
MESH:C563924	Colorectal Adenomatous Polyposis, Autosomal Recessive	Disease			
MESH:C564133	Ige Responsiveness, Atopic [Supplementary Concept]	Disease			
MESH:D000067011	Severe Acute Malnutrition	Disease			
MESH:D000067877	Autism Spectrum Disorder	Disease			
MESH:D000069279	Drug Resistant Epilepsy	Disease			
MESH:D000069983	Saccharomyces boulardii	Disease			
MESH:D000070642	Brain Injuries, Traumatic	Disease			
MESH:D000073600	Diet, High-Protein	Disease			
MESH:D000073932	Food addiction	Disease			
MESH:D000077195	Squamous Cell Carcinoma of Head and Neck	Disease			
MESH:D000077277	Esophageal Squamous Cell Carcinoma	Disease			
MESH:D000079424	Tumor Necrosis Factor Inhibitors	Disease			
MESH:D000081029	Pulmonary Arterial Hypertension	Disease			
MESH:D000083023	Colitis-Associated Neoplasms	Disease			
MESH:D000152	Acne Vulgaris	Disease			
MESH:D000236	Adenoma(advanced)	Disease			
MESH:D000368	Aged	Disease			
MESH:D000375	Aging	Disease			
MESH:D000544	Alzheimer Disease	Disease			
MESH:D000667	Ampicillin	Disease			
MESH:D000690	Amyotrophic Lateral Sclerosis	Disease			
MESH:D000789	Angina, Unstable	Disease			
MESH:D000856	Anorexia Nervosa	Disease			
MESH:D000894	Anti-Inflammatory Agents, Non-Steroidal(indomethacin, ibuprofen, ketoprofen, diclofenac, piroxicam, celecoxib, nimesulid and aspirin)	Disease			
MESH:D000900	Anti-Bacterial Agents	Disease			
MESH:D001007	Anxiety	Disease			
MESH:D001120	Arginine	Disease			
MESH:D001171	Arthritis, Juvenile	Disease			
MESH:D001172	Arthritis, Rheumatoid	Disease			
MESH:D001249	Asthma	Disease			
MESH:D001289	Attention Deficit Disorder with Hyperactivity	Disease			
MESH:D001382	Azerbaijan	Disease			
MESH:D001943	Breast Neoplasms	Disease			
MESH:D002285	Carcinoma, Intraductal, Noninfiltrating	Disease			
MESH:D002318	Cardiovascular Diseases	Disease			
MESH:D002353	Carrier State	Disease			
MESH:D002446	Celiac Disease	Disease			
MESH:D002532	Intracranial Aneurysm	Disease			
MESH:D002583	Uterine Cervical Neoplasms	Disease			
MESH:D002971	Cleft Lip	Disease			
MESH:D003015	Clostridium Infections	Disease			
MESH:D003092	Colitis	Disease			
MESH:D003093	Colitis, Ulcerative	Disease			
MESH:D003113	Colonoscopy	Disease			
MESH:D003248	Constipation	Disease			
MESH:D003424	Crohn Disease	Disease			
MESH:D003550	Cystic Fibrosis	Disease			
MESH:D003562	Cytidine	Disease			
MESH:D003731	Dental Caries	Disease			
MESH:D003863	Depression	Disease			
MESH:D003865	Depressive Disorder, Major	Disease			
MESH:D003876	Dermatitis, Atopic	Disease			
MESH:D003921	Diabetes Mellitus, Experimental	Disease			
MESH:D003922	Diabetes Mellitus, Type 1	Disease			
MESH:D003924	Diabetes Mellitus, Type 2	Disease			
MESH:D003928	Diabetic nephropathy	Disease			
MESH:D003929	Diabetic Neuropathies	Disease			
MESH:D003967	Diarrhea	Disease			
MESH:D004403	Dysentery	Disease			
MESH:D004415	Dyspepsia	Disease			
MESH:D004443	Echinococcosis	Disease			
MESH:D004485	Eczema	Disease			
MESH:D004761	Enterocolitis, Pseudomembranous	Disease			
MESH:D005221	Fatigue	Disease			
MESH:D005512	Food Hypersensitivity	Disease			
MESH:D005690	Galactose	Disease			
MESH:D005891	Gingivitis	Disease			
MESH:D006232	Hand, Foot and Mouth Disease	Disease			
MESH:D006435	Renal Dialysis	Disease			
MESH:D006527	Hepatolenticular Degeneration	Disease			
MESH:D006635	Histamine H2 Antagonists	Disease			
MESH:D006967	Hypersensitivity	Disease			
MESH:D006973	Hypertension	Disease			
MESH:D006980	Hyperthyroid	Disease			
MESH:D007003	Hypoglycemia	Disease			
MESH:D007444	Inulin	Disease			
MESH:D007597	Jordan	Disease			
MESH:D007669	Kidney Calculi	Disease			
MESH:D007938	Leukemia	Disease			
MESH:D008010	Oral Lichen Planus	Disease			
MESH:D008103	Liver Cirrhosis	Disease			
MESH:D008107	Liver Diseases	Disease			
MESH:D008180	Lupus Erythematosus, Systemic	Disease			
MESH:D008687	Metformin	Disease			
MESH:D008694	Methamphetamine	Disease			
MESH:D008795	Metronidazole	Disease			
MESH:D009007	Moyamoya disease	Disease			
MESH:D009055	Mouth	Disease			
MESH:D009062	Mouth Neoplasms	Disease			
MESH:D009103	Multiple Sclerosis	Disease			
MESH:D009203	Myocardial Infarction	Disease			
MESH:D009355	Neomycin	Disease			
MESH:D009369	Neoplasms	Disease			
MESH:D009447	Neuroblastoma	Disease			
MESH:D009549	Nigeria	Disease			
MESH:D009625	Noma	Disease			
MESH:D009765	Obesity	Disease			
MESH:D009967	Orthodontic Appliances	Disease			
MESH:D010190	Pancreatic Neoplasms	Disease			
MESH:D010195	Pancreatitis	Disease			
MESH:D010300	Parkinson Disease	Disease			
MESH:D010505	Familial Mediterranean Fever	Disease			
MESH:D010510	Periodontal Diseases	Disease			
MESH:D010518	Periodontitis	Disease			
MESH:D010530	Peritoneal Dialysis	Disease			
MESH:D010661	Phenylketonuria	Disease			
MESH:D010842	Pica	Disease			
MESH:D011085	Polycystic Ovary Syndrome	Disease			
MESH:D011471	Prostate cancer	Disease			
MESH:D011565	Psoriasis	Disease			
MESH:D011695	IgA Vasculitis	Disease			
MESH:D012149	Restraint, Physical	Disease			
MESH:D012210	Rhamnose	Disease			
MESH:D012516	Osteosarcoma	Disease			
MESH:D012859	Sjogren's Syndrome	Disease			
MESH:D012891	Obstructive Sleep Apnea	Disease			
MESH:D012893	Sleep Wake Disorders	Disease			
MESH:D013119	Spinal Cord Injuries	Disease			
MESH:D013167	Spondylitis, Ankylosing	Disease			
MESH:D013274	Stomach Neoplasms	Disease			
MESH:D013315	Stress, Psychological	Disease			
MESH:D013397	Sudan	Disease			
MESH:D013514	Surgical Procedures, Operative	Disease			
MESH:D013605	T-2 toxin	Disease			
MESH:D013789	Thalassemia	Disease			
MESH:D013964	Thyroid Neoplasms	Disease			
MESH:D014212	Tretinoin	Disease			
MESH:D014302	Trinitrobenzenesulfonic Acid	Disease			
MESH:D014529	Uridine	Disease			
MESH:D014640	Vancomycin	Disease			
MESH:D014676	Diet, Vegetarian	Disease			
MESH:D015179	Colorectal Neoplasms	Disease			
MESH:D015209	Cholangitis, Sclerosing	Disease			
MESH:D015212	Inflammatory Bowel Diseases	Disease			
MESH:D015390	Gastric Bypass	Disease			
MESH:D015431	Weight Loss	Disease			
MESH:D015518	Rett Syndrome	Disease			
MESH:D015525	Fatty Acids, Omega-3	Disease			
MESH:D015658	HIV Infections	Disease			
MESH:D015671	Electroacupuncture	Disease			
MESH:D015673	Fatigue Syndrome, Chronic	Disease			
MESH:D016030	Kidney Transplantation	Disease			
MESH:D016606	Thyroid Nodule	Disease			
MESH:D016638	Critical Illness	Disease			
MESH:D016640	Diabetes, Gestational	Disease			
MESH:D016776	Blastocystis Infections	Disease			
MESH:D016925	Corynebacterium pseudotuberculosis	Disease			
MESH:D017250	Caliciviridae Infections	Disease			
MESH:D017963	Azithromycin	Disease			
MESH:D018120	Finasteride	Disease			
MESH:D018256	Adenomatous Polyps	Disease			
MESH:D018281	Cholangiocarcinoma	Disease			
MESH:D018752	Diet, Fat-Restricted	Disease			
MESH:D018792	Encephalitis, Viral	Disease			
MESH:D018798	Anemia, Iron-Deficiency	Disease			
MESH:D019283	Pancreatitis, Acute Necrotizing	Disease			
MESH:D019693	Hepatitis, Autoimmune	Disease			
MESH:D019694	Hepatitis B, Chronic	Disease			
MESH:D019936	Probiotics	Disease			
MESH:D020148	Butyric Acid	Disease			
MESH:D020345	Enterocolitis, Necrotizing	Disease			
MESH:D023241	Antiretroviral Therapy,Highly Active	Disease			
MESH:D023921	Coronary Stenosis	Disease			
MESH:D025241	Spondylarthritis	Disease			
MESH:D029801	Vaccinium vitis-idaea	Disease			
MESH:D041881	Cholecystitis, Acute	Disease			
MESH:D043183	Irritable Bowel Syndrome	Disease			
MESH:D045730	Soy Foods	Disease			
MESH:D046290	Liver Abscess, Pyogenic	Disease			
MESH:D046728	Colitis, Microscopic	Disease			
MESH:D050031	Hashimoto Disease	Disease			
MESH:D050154	Adiposity	Disease			
MESH:D050197	Atherosclerosis	Disease			
MESH:D050500	Pancreatitis, Chronic	Disease			
MESH:D051436	Renal Insufficiency, Chronic	Disease			
MESH:D054198	Precursor Cell Lymphoblastic Leukemia-Lymphoma	Disease			
MESH:D054328	Proton Pump Inhibitors	Disease			
MESH:D058345	Asymptomatic Infections	Disease			
MESH:D059305	Diet, High-Fat	Disease			
MESH:D063766	Pediatric Obesity	Disease			
MESH:D065626	Non-alcoholic Fatty Liver Disease	Disease			
MESH:D065631	Rhinitis, Allergic	Disease			
NCBITaxon:100175	Papillibacter	Microbe			genus
NCBITaxon:100176	Papillibacter cinnamivorans	Microbe			species
NCBITaxon:1003367	Clostridium sp. Clone-24	Microbe			species
NCBITaxon:1003372	Clostridium sp. Clone-33	Microbe			species
NCBITaxon:100883	Coprobacillus	Microbe			genus
NCBITaxon:1016	Capnocytophaga	Microbe			genus
NCBITaxon:1017	Capnocytophaga gingivalis	Microbe			species
NCBITaxon:1017280	Pseudoflavonifractor	Microbe			genus
NCBITaxon:1018	Capnocytophaga ochracea	Microbe			species
NCBITaxon:1019	Capnocytophaga sputigena	Microbe			species
NCBITaxon:102106	Collinsella	Microbe			genus
NCBITaxon:102148	Solobacterium moorei	Microbe			species
NCBITaxon:102234	Cyanobacterium	Microbe			genus
NCBITaxon:103892	Veillonella ratti	Microbe			species
NCBITaxon:105335	Clostridium sp. 6	Microbe			species
NCBITaxon:1055686	Sandaracinaceae	Microbe			family
NCBITaxon:1056807	Morococcus cerebrosus	Microbe			species
NCBITaxon:105841	Anaerostipes caccae	Microbe			species
NCBITaxon:106588	Pseudoflavonifractor capillosus	Microbe			species
NCBITaxon:1071886	Streptococcus troglodytidis	Microbe			species
NCBITaxon:1078480	Haemophilus sputorum	Microbe			species
NCBITaxon:1082930	Pelagibacterium	Microbe			genus
NCBITaxon:109326	Anaerovorax	Microbe			genus
NCBITaxon:109328	Leptotrichia trevisanii	Microbe			species
NCBITaxon:1099853	Coprobacter fastidiosus	Microbe			species
NCBITaxon:110932	Leifsonia	Microbe			genus
NCBITaxon:1110546	Veillonella tobetsuensis	Microbe			species
NCBITaxon:111099	Rhodanobacter	Microbe			genus
NCBITaxon:1117	Cyanobacteria	Microbe			phylum
NCBITaxon:1129771	Leptotrichiaceae	Microbe			family
NCBITaxon:113107	Streptococcus australis	Microbe			species
NCBITaxon:113286	Pseudoramibacter	Microbe			genus
NCBITaxon:113287	Pseudoramibacter alactolyticus	Microbe			species
NCBITaxon:1134687	Klebsiella michiganensis	Microbe			species
NCBITaxon:114527	Mogibacterium diversum	Microbe			species
NCBITaxon:114627	alkaliphilus	Microbe			genus
NCBITaxon:114702	Actinomyces lingnae	Microbe			species
NCBITaxon:1156432	Streptococcus sp. I-G5	Microbe			species
NCBITaxon:116085	Pseudocoprococcus catus	Microbe			species
NCBITaxon:1164882	Lachnoanaerobaculum	Microbe			genus
NCBITaxon:117563	Granulicatella	Microbe			genus
NCBITaxon:117743	Flavobacteria	Microbe			class
NCBITaxon:117747	Sphingobacteria	Microbe			class
NCBITaxon:1177574	Prevotella jejuni	Microbe			species
NCBITaxon:1185407	Defluviitaleaceae	Microbe			family
NCBITaxon:118747	Bulleidia	Microbe			genus
NCBITaxon:119045	Methylobacteriaceae	Microbe			family
NCBITaxon:119060	Burkholderiaceae	Microbe			family
NCBITaxon:119852	Oscillospira	Microbe			genus
NCBITaxon:1213720	Stomatobaculum	Microbe			genus
NCBITaxon:121428	Sphingobium xenophagum	Microbe			species
NCBITaxon:1224	Proteobacteria	Microbe			phylum
NCBITaxon:1226341	SR1 bacterium oral taxon 874	Microbe			species
NCBITaxon:123375	Solobacterium	Microbe			genus
NCBITaxon:1236	Gammaproteobacteria	Microbe			class
NCBITaxon:1239	Firmicutes	Microbe			phylum
NCBITaxon:1243	Leuconostoc	Microbe			genus
NCBITaxon:1257	Peptostreptococcus	Microbe			genus
NCBITaxon:1261	Peptostreptococcus anaerobius	Microbe			species
NCBITaxon:1263	Ruminococcus	Microbe			genus
NCBITaxon:1263052	Bacteroides plebeius CAG:211	Microbe			species
NCBITaxon:1265	Ruminococcus flavefaciens	Microbe			species
NCBITaxon:1266	Sarcina	Microbe			genus
NCBITaxon:1268	Micrococcaceae	Microbe			family
NCBITaxon:1279	Staphylococcus	Microbe			genus
NCBITaxon:1280	Staphylococcus aureus	Microbe			species
NCBITaxon:1283313	Alloprevotella	Microbe			genus
NCBITaxon:1288121	Alistipes senegalensis	Microbe			species
NCBITaxon:128827	Erysipelotrichaceae	Microbe			family
NCBITaxon:12916	Acidovorax	Microbe			genus
NCBITaxon:1296	Mammaliicoccus sciuri	Microbe			species
NCBITaxon:1297	Deinococcota	Microbe			phylum
NCBITaxon:1300	Streptococcaceae	Microbe			family
NCBITaxon:1301	Streptococcus	Microbe			genus
NCBITaxon:1302	Streptococcus gordonii	Microbe			species
NCBITaxon:1303	Streptococcus oralis	Microbe			species
NCBITaxon:1304	Streptococcus salivarius	Microbe			species
NCBITaxon:1305	Streptococcus sanguinis	Microbe			species
NCBITaxon:1306	Streptococcus sp.	Microbe			species
NCBITaxon:1308	Streptococcus thermophilus	Microbe			species
NCBITaxon:1309	Streptococcus mutans	Microbe			species
NCBITaxon:1310	Streptococcus sobrinus	Microbe			species
NCBITaxon:1311	Streptococcus agalactiae	Microbe			species
NCBITaxon:1313	Streptococcus pneumoniae	Microbe			species
NCBITaxon:1316593	Capnocytophaga sp. oral taxon 864	Microbe			species
NCBITaxon:1316596	Capnocytophaga sp. oral taxon 878	Microbe			species
NCBITaxon:1318	Streptococcus parasanguinis	Microbe			species
NCBITaxon:1322	Blautia hansenii	Microbe			species
NCBITaxon:1328	Streptococcus anginosus	Microbe			species
NCBITaxon:132933	Schaalia funkei	Microbe			species
NCBITaxon:1331051	Candidatus saccharimonas	Microbe			genus
NCBITaxon:1338	Streptococcus intermedius	Microbe			species
NCBITaxon:133925	Olsenella	Microbe			genus
NCBITaxon:133926	Olsenella uli	Microbe			species
NCBITaxon:1343	Streptococcus vestibularis	Microbe			species
NCBITaxon:1348911	Coprobacter	Microbe			genus
NCBITaxon:1350	Enterococcus	Microbe			genus
NCBITaxon:135079	Selenomonas dianae	Microbe			species
NCBITaxon:135083	Selenomonas noxia	Microbe			species
NCBITaxon:1351	Enterococcus faecalis	Microbe			species
NCBITaxon:1352	Enterococcus faecium	Microbe			species
NCBITaxon:135614	Lysobacterales	Microbe			order
NCBITaxon:135615	Cardiobacteriales	Microbe			order
NCBITaxon:135621	Pseudomonadaceae	Microbe			family
NCBITaxon:135622	Alteromonadales	Microbe			order
NCBITaxon:135623	Vibrionales	Microbe			order
NCBITaxon:135624	Proteobacteria	Microbe			order
NCBITaxon:135625	Pasteurellales	Microbe			order
NCBITaxon:1357	Lactococcus	Microbe			genus
NCBITaxon:1358	Lactococcus lactis	Microbe			species
NCBITaxon:135858	Catenibacterium	Microbe			genus
NCBITaxon:136	Spirochaetales	Microbe			order
NCBITaxon:13687	Sphingomonas	Microbe			genus
NCBITaxon:13689	Sphingomonas paucimobilis	Microbe			species
NCBITaxon:137	Spirochaetaceae	Microbe			family
NCBITaxon:1375	Aerococcus	Microbe			genus
NCBITaxon:137732	Granulicatella elegans	Microbe			species
NCBITaxon:1378	Gemella	Microbe			genus
NCBITaxon:137838	Clostridium neonatale	Microbe			species
NCBITaxon:1379	Gemella haemolysans	Microbe			species
NCBITaxon:138	Borrelia	Microbe			genus
NCBITaxon:1380	Atopobium	Microbe			genus
NCBITaxon:1380124	Rothia	Microbe			genus
NCBITaxon:1382	Lancefieldella parvula	Microbe			species
NCBITaxon:1383	Lancefieldella rimae	Microbe			species
NCBITaxon:1384509	Streptobacillus felis	Microbe			species
NCBITaxon:1385	Bacillales	Microbe			order
NCBITaxon:138595	Olsenella profusa	Microbe			species
NCBITaxon:1386	Bacillus	Microbe			genus
NCBITaxon:1392389	Intestinimonas	Microbe			genus
NCBITaxon:140458	Thermacetogenium	Microbe			genus
NCBITaxon:140625	Lachnobacterium	Microbe			genus
NCBITaxon:140626	Lachnobacterium bovis	Microbe			species
NCBITaxon:1407607	Fusicatenibacter	Microbe			genus
NCBITaxon:1409	Bacillus sp.	Microbe			species
NCBITaxon:1410626	Lachnospiraceae bacterium NC2004	Microbe			species
NCBITaxon:1423764	Lactobacillus kefiri	Microbe			species
NCBITaxon:1432051	Eisenbergiella	Microbe			genus
NCBITaxon:1432056	Mannheimia sp. USDA-ARS-USMARC-1261	Microbe			species
NCBITaxon:143361	Filifactor alocis	Microbe			species
NCBITaxon:143393	Eubacterium sulci	Microbe			species
NCBITaxon:1434006	Fretibacterium	Microbe			genus
NCBITaxon:146918	Salinibacter	Microbe			genus
NCBITaxon:146936	Azonexus	Microbe			genus
NCBITaxon:1470350	Candidatus Stoquefichus massiliensis	Microbe			species
NCBITaxon:1472649	Dielma	Microbe			genus
NCBITaxon:147802	Lactobacillus iners	Microbe			species
NCBITaxon:1485	Clostridium	Microbe			genus
NCBITaxon:1496	Clostridioides difficile	Microbe			species
NCBITaxon:149698	Massilia	Microbe			genus
NCBITaxon:150022	Finegoldia	Microbe			genus
NCBITaxon:1501226	Romboutsia	Microbe			genus
NCBITaxon:1501329	Oribacterium parvum	Microbe			species
NCBITaxon:1501332	Oribacterium asaccharolyticum	Microbe			species
NCBITaxon:1502	Clostridium perfringens	Microbe			species
NCBITaxon:1504	Clostridium septicum	Microbe			species
NCBITaxon:1505652	Terrisporobacter	Microbe			genus
NCBITaxon:1505663	Erysipelatoclostridium	Microbe			genus
NCBITaxon:1506553	Lachnoclostridium	Microbe			genus
NCBITaxon:1506577	Tyzzerella	Microbe			genus
NCBITaxon:1508657	Ruminiclostridium	Microbe			genus
NCBITaxon:1512	[Clostridium] symbiosum	Microbe			species
NCBITaxon:1516129	Candidatus Saccharibacteria bacterium UB2523	Microbe			species
NCBITaxon:151781	Lactobacillus intestinalis	Microbe			species
NCBITaxon:1522	[Clostridium] innocuum	Microbe			species
NCBITaxon:1531	Enterocloster clostridioformis	Microbe			species
NCBITaxon:1532	Blautia coccoides	Microbe			species
NCBITaxon:1535	Clostridium leptum	Microbe			species
NCBITaxon:1537	Clostridium lituseburense	Microbe			species
NCBITaxon:1540867	TM7 bacterium human oral taxon HOT-870	Microbe			species
NCBITaxon:1547	Erysipelatoclostridium ramosum	Microbe			species
NCBITaxon:1549126	Desulfatiglans	Microbe			genus
NCBITaxon:1550024	Ruthenibacterium lactatiformans	Microbe			species
NCBITaxon:156454	Anaeroglobus	Microbe			genus
NCBITaxon:156456	Megasphaera geminata	Microbe			species
NCBITaxon:157	Treponema	Microbe			genus
NCBITaxon:1570339	Peptoniphilaceae	Microbe			family
NCBITaxon:1572763	Moheibacter	Microbe			genus
NCBITaxon:1573535	Holdemanella	Microbe			genus
NCBITaxon:157687	Leptotrichia wadei	Microbe			species
NCBITaxon:157688	Leptotrichia hofstadii	Microbe			species
NCBITaxon:157691	Leptotrichia shahii	Microbe			species
NCBITaxon:157692	Pseudoleptotrichia goodfellowii	Microbe			species
NCBITaxon:1578	Lactobacillus	Microbe			genus
NCBITaxon:1579	Lactobacillus acidophilus	Microbe			species
NCBITaxon:158	Treponema denticola	Microbe			species
NCBITaxon:1580	Levilactobacillus brevis	Microbe			species
NCBITaxon:1582879	Ezakiella	Microbe			genus
NCBITaxon:1583	Weissella confusa	Microbe			species
NCBITaxon:1583098	Fusobacterium hwasookii	Microbe			species
NCBITaxon:1583331	Porphyromonas pasteri	Microbe			species
NCBITaxon:1584	Lactobacillus delbrueckii	Microbe			species
NCBITaxon:158836	Enterobacter hormaechei	Microbe			species
NCBITaxon:158846	Megamonas	Microbe			genus
NCBITaxon:1596	Lactobacillus gasseri	Microbe			species
NCBITaxon:1598	Limosilactobacillus reuteri	Microbe			species
NCBITaxon:1604	Lactobacillus amylovorus	Microbe			species
NCBITaxon:160404	Anaerotignum lactatifermentans	Microbe			species
NCBITaxon:1605	Ligilactobacillus animalis	Microbe			species
NCBITaxon:1609545	unclassified Mollicutes	Microbe			no rank
NCBITaxon:1613	Limosilactobacillus fermentum	Microbe			species
NCBITaxon:1622	Ligilactobacillus murinus	Microbe			species
NCBITaxon:162289	Peptoniphilus	Microbe			genus
NCBITaxon:1624	Ligilactobacillus salivarius	Microbe			species
NCBITaxon:1633	Limosilactobacillus vaginalis	Microbe			species
NCBITaxon:164	Erysipelothrix	Microbe			genus
NCBITaxon:1643805	Peptococcus simiae	Microbe			species
NCBITaxon:1643822	Eggerthellales	Microbe			order
NCBITaxon:1643824	Atopobiaceae	Microbe			family
NCBITaxon:1643826	Eggerthellaceae	Microbe			family
NCBITaxon:1647988	Akkermansiaceae	Microbe			family
NCBITaxon:1649459	Hungatella	Microbe			genus
NCBITaxon:165179	Prevotella copri	Microbe			species
NCBITaxon:1653	Corynebacteriaceae	Microbe			family
NCBITaxon:1654	Actinomyces	Microbe			genus
NCBITaxon:1655	Actinomyces naeslundii	Microbe			species
NCBITaxon:1656	Actinomyces viscosus	Microbe			species
NCBITaxon:165695	Sphingobium	Microbe			genus
NCBITaxon:165696	Novosphingobium	Microbe			genus
NCBITaxon:165779	Anaerococcus	Microbe			genus
NCBITaxon:1658672	Ottowia sp. oral taxon 894	Microbe			species
NCBITaxon:1659	Actinomyces israelii	Microbe			species
NCBITaxon:1660	Schaalia odontolytica	Microbe			species
NCBITaxon:1663	Arthrobacter	Microbe			genus
NCBITaxon:166486	Roseburia intestinalis	Microbe			species
NCBITaxon:1678	Bifidobacterium	Microbe			genus
NCBITaxon:1679001	Pasteurellaceae bacterium NI1060	Microbe			species
NCBITaxon:1680	Bifidobacterium adolescentis	Microbe			species
NCBITaxon:1681	Bifidobacterium bifidum	Microbe			species
NCBITaxon:168384	Marvinbryantia formatexigens	Microbe			species
NCBITaxon:1685	Bifidobacterium breve	Microbe			species
NCBITaxon:1686	Bifidobacterium catenulatum	Microbe			species
NCBITaxon:1689	Bifidobacterium dentium	Microbe			species
NCBITaxon:168934	Thalassospira	Microbe			genus
NCBITaxon:1696	Brevibacterium	Microbe			genus
NCBITaxon:1705617	Capnocytophaga sp. oral taxon 323	Microbe			species
NCBITaxon:171	Leptospira	Microbe			genus
NCBITaxon:171549	Bacteroidales	Microbe			order
NCBITaxon:171550	Rikenellaceae	Microbe			family
NCBITaxon:171551	Porphyromonadaceae	Microbe			family
NCBITaxon:171552	Prevotellaceae	Microbe			family
NCBITaxon:1716	Corynebacterium	Microbe			genus
NCBITaxon:172042	Rothia aeria	Microbe			species
NCBITaxon:172900	Victivallis	Microbe			genus
NCBITaxon:1729679	Faecalibaculum	Microbe			genus
NCBITaxon:1730	Eubacterium	Microbe			genus
NCBITaxon:1735	Holdemanella biformis	Microbe			species
NCBITaxon:1737	Paraclostridium tenue	Microbe			species
NCBITaxon:1737405	Tissierellales	Microbe			order
NCBITaxon:1737406	Tissierellaceae	Microbe			family
NCBITaxon:1739491	Streptococcus sp. HMSC067H01	Microbe			species
NCBITaxon:1743	Propionibacterium	Microbe			genus
NCBITaxon:1747	Cutibacterium acnes	Microbe			species
NCBITaxon:174708	Allobaculum	Microbe			genus
NCBITaxon:1750	Arachnia propionica	Microbe			species
NCBITaxon:1759399	Streptococcus sp. A12	Microbe			species
NCBITaxon:1760	Actinomycetia	Microbe			class
NCBITaxon:1762	Mycobacteriaceae	Microbe			family
NCBITaxon:1763	Mycobacterium	Microbe			genus
NCBITaxon:1766253	Agathobacter	Microbe			genus
NCBITaxon:1769710	Sellimonas	Microbe			genus
NCBITaxon:1776391	Romboutsia timonensis	Microbe			species
NCBITaxon:177971	Shuttleworthella	Microbe			genus
NCBITaxon:177972	Shuttleworthella satelles	Microbe			species
NCBITaxon:1783273	Patescibacteria group	Microbe			
NCBITaxon:180164	Blautia schinkii	Microbe			species
NCBITaxon:1814	Amycolatopsis methanolica	Microbe			species
NCBITaxon:1817405	Abyssicoccus albus	Microbe			species
NCBITaxon:1822464	Paraburkholderia	Microbe			genus
NCBITaxon:182639	Kribbella	Microbe			genus
NCBITaxon:1827	Rhodococcus	Microbe			genus
NCBITaxon:182709	Oceanobacillus	Microbe			genus
NCBITaxon:1827195	Caballeronia	Microbe			genus
NCBITaxon:183925	Methanobacteria	Microbe			class
NCBITaxon:1840213	Lentimicrobiaceae	Microbe			family
NCBITaxon:184065	Salinicola halophilus	Microbe			species
NCBITaxon:1843491	Selenomonadaceae	Microbe			
NCBITaxon:184869	Varibaculum	Microbe			genus
NCBITaxon:1849603	Enterobacteriaceae bacterium	Microbe			species
NCBITaxon:1852365	Fusobacterium massiliense	Microbe			species
NCBITaxon:1852388	Leptotrichia massiliensis	Microbe			species
NCBITaxon:1852442	Tyzzerella	Microbe			genus
NCBITaxon:1853231	Odoribacteraceae	Microbe			family
NCBITaxon:1853550	Candida sp.	Microbe			species
NCBITaxon:1857532	Muribacter	Microbe			genus
NCBITaxon:186126	Lactobacillales	Microbe			order
NCBITaxon:186329	Acholeplasmatales	Microbe			order
NCBITaxon:186333	Anaeroplasmataceae	Microbe			family
NCBITaxon:186801	Clostridia	Microbe			class
NCBITaxon:186802	Eubacteriales	Microbe			order
NCBITaxon:186803	Lachnospiraceae	Microbe			family
NCBITaxon:186804	Peptostreptococcaceae	Microbe			family
NCBITaxon:186806	Coprococcus	Microbe			family
NCBITaxon:186807	Peptococcaceae	Microbe			family
NCBITaxon:186817	bacillaceae	Microbe			family
NCBITaxon:186822	paenibacillaceae	Microbe			family
NCBITaxon:186826	Lactobacillales	Microbe			order
NCBITaxon:186827	Aerococcaceae	Microbe			family
NCBITaxon:186828	Carnobacteriaceae	Microbe			family
NCBITaxon:186928	unclassified Lachnospiraceae	Microbe			no rank
NCBITaxon:1872421	Akkermansia sp.	Microbe			species
NCBITaxon:1872530	Anaerostipes sp.	Microbe			species
NCBITaxon:1872650	Atopobium sp.	Microbe			species
NCBITaxon:187326	Megasphaera micronuciformis	Microbe			species
NCBITaxon:1879010	Bacillota bacterium	Microbe			species
NCBITaxon:1883	Streptomyces	Microbe			genus
NCBITaxon:189326	Gelria	Microbe			genus
NCBITaxon:189330	Dorea	Microbe			genus
NCBITaxon:1898104	Bacteroidota bacterium	Microbe			species
NCBITaxon:1898203	Lachnospiraceae bacterium	Microbe			species
NCBITaxon:1898207	Clostridiales bacterium	Microbe			species
NCBITaxon:1902136	Streptococcus sp. NPS 308	Microbe			species
NCBITaxon:1904861	Peptostreptococcaceae bacterium	Microbe			species
NCBITaxon:1906119	Candidatus Gastranaerophilales	Microbe			order
NCBITaxon:191	Azospirillum	Microbe			genus
NCBITaxon:191303	Turicibacter	Microbe			genus
NCBITaxon:1913599	Peptoanaerobacter	Microbe			genus
NCBITaxon:191393	Deferribacterales	Microbe			order
NCBITaxon:191394	Deferribacteraceae	Microbe			family
NCBITaxon:191494	Conexibacter	Microbe			genus
NCBITaxon:191675	Enterobacteriaceae incertae sedis	Microbe			no rank
NCBITaxon:1918540	Muribaculum	Microbe			genus
NCBITaxon:1926307	Veillonella sp.	Microbe			species
NCBITaxon:1935176	Angelakisella	Microbe			genus
NCBITaxon:1937008	Dubosiella	Microbe			genus
NCBITaxon:194	Campylobacter	Microbe			genus
NCBITaxon:1940338	Escherichia/Shigella sp.	Microbe			species
NCBITaxon:1940339	Escherichia/Shigella sp.	Microbe			species
NCBITaxon:1940340	Escherichia/Shigella sp.	Microbe			species
NCBITaxon:194702	Cardiobacterium valvarum	Microbe			species
NCBITaxon:194924	Desulfovibrionaceae	Microbe			family
NCBITaxon:1955243	Blautia sp.	Microbe			species
NCBITaxon:1955814	Dialister sp.	Microbe			species
NCBITaxon:195950	Tannerella	Microbe			genus
NCBITaxon:1960103	Listeria sp.	Microbe			species
NCBITaxon:196081	Scardovia	Microbe			genus
NCBITaxon:196082	Parascardovia	Microbe			genus
NCBITaxon:1980681	Colidextribacter	Microbe			genus
NCBITaxon:1986146	Desulfobulbus oralis	Microbe			species
NCBITaxon:1986206	Candidatus Nanosynsacchari sp. TM7_ANC_38.39_G1_1	Microbe			species
NCBITaxon:199	Campylobacter concisus	Microbe			species
NCBITaxon:2	Bacteria	Microbe			genus
NCBITaxon:20	Phenylobacterium	Microbe			genus
NCBITaxon:2005473	Muribaculaceae	Microbe			family
NCBITaxon:2005519	Barnesiellaceae	Microbe			family
NCBITaxon:2005523	Paludibacteraceae	Microbe			family
NCBITaxon:2005525	Tannerellaceae	Microbe			family
NCBITaxon:200643	Bacteroidia	Microbe			class
NCBITaxon:200644	Flavobacteriales	Microbe			order
NCBITaxon:200666	Sphingobacteriales	Microbe			order
NCBITaxon:2006847	unclassified Muribaculaceae	Microbe			genus
NCBITaxon:200795	Chloroflexi	Microbe			phylum
NCBITaxon:200918	Thermotogae	Microbe			phylum
NCBITaxon:200930	Deferribacteres	Microbe			phylum
NCBITaxon:200940	Thermodesulfobacteriota	Microbe			phylum
NCBITaxon:201174	Actinobacteria	Microbe			phylum
NCBITaxon:2026720	Candidatus Saccharimonadota bacterium	Microbe			species
NCBITaxon:2030797	Glaesserella sp. 15-184	Microbe			species
NCBITaxon:2030927	Bacteroidales bacterium	Microbe			species
NCBITaxon:203490	Fusobacteriia	Microbe			class
NCBITaxon:203491	Fusobacteriales	Microbe			order
NCBITaxon:203492	Fusobacteriaceae	Microbe			family
NCBITaxon:203494	Verrucomicrobiae	Microbe			class
NCBITaxon:203557	Verrucomicrobiaceae	Microbe			family
NCBITaxon:203682	Planctomycetes	Microbe			phylum
NCBITaxon:203691	Spirochaetes	Microbe			phylum
NCBITaxon:203692	Spirochaetia	Microbe			class
NCBITaxon:2037	Actinomycetales	Microbe			order
NCBITaxon:203804	Candidatus Blochmannia	Microbe			genus
NCBITaxon:204	Campylobacter showae	Microbe			species
NCBITaxon:2040332	Dorea sp.	Microbe			species
NCBITaxon:204037	Dickeya	Microbe			genus
NCBITaxon:204286	Cobetia	Microbe			genus
NCBITaxon:204455	Rhodobacterales	Microbe			order
NCBITaxon:204457	Sphingomonadales	Microbe			order
NCBITaxon:204458	Caulobacterales	Microbe			order
NCBITaxon:204475	Gemmiger	Microbe			genus
NCBITaxon:204516	Phocaeicola massiliensis	Microbe			species
NCBITaxon:2047	Rothia dentocariosa	Microbe			species
NCBITaxon:2049	Actinomycetaceae	Microbe			family
NCBITaxon:2049024	Coprococcus sp.	Microbe			species
NCBITaxon:2049034	Mitsuokella sp.	Microbe			species
NCBITaxon:2049036	Paraprevotella sp.	Microbe			species
NCBITaxon:2049040	Roseburia sp.	Microbe			species
NCBITaxon:2049044	Erysipelotrichaceae bacterium	Microbe			species
NCBITaxon:2049048	Rikenellaceae bacterium	Microbe			species
NCBITaxon:2049049	Veillonellaceae bacterium	Microbe			species
NCBITaxon:2050	Mobiluncus	Microbe			genus
NCBITaxon:2051	Mobiluncus curtisii	Microbe			species
NCBITaxon:2062	Streptomycetaceae	Microbe			family
NCBITaxon:206351	Neisseriales	Microbe			order
NCBITaxon:206664	Desulfonauticus	Microbe			genus
NCBITaxon:207244	Anaerostipes	Microbe			genus
NCBITaxon:2086	Anaeroplasma	Microbe			genus
NCBITaxon:209	Helicobacter	Microbe			genus
NCBITaxon:209053	Capnocytophaga sp. ChDC OS43	Microbe			species
NCBITaxon:2093	Mycoplasma	Microbe			genus
NCBITaxon:2093818	Candidatus Saccharimonadia	Microbe			class
NCBITaxon:2093824	Candidatus Nanosynbacter lyticus	Microbe			species
NCBITaxon:2093825	Candidatus Saccharimonadales	Microbe			order
NCBITaxon:2094023	Glaesserella	Microbe			genus
NCBITaxon:2094151	Paramuribaculum intestinale	Microbe			species
NCBITaxon:209879	Allisonella	Microbe			genus
NCBITaxon:2107999	Lactobacillus paragasseri	Microbe			species
NCBITaxon:212791	Enhydrobacter	Microbe			genus
NCBITaxon:213115	Desulfovibrionales	Microbe			order
NCBITaxon:213119	Desulfobacteraceae	Microbe			family
NCBITaxon:213422	Geobacteraceae	Microbe			family
NCBITaxon:213481	Bdellovibrionales	Microbe			order
NCBITaxon:213483	Pseudobdellovibrionaceae	Microbe			family
NCBITaxon:213484	Vampirovibrio	Microbe			genus
NCBITaxon:2137198	Marinobacter sp. B9-2	Microbe			species
NCBITaxon:213849	Campylobacterales	Microbe			order
NCBITaxon:214504	Glomeromycota	Microbe			subphylum
NCBITaxon:2146	Acholeplasmataceae	Microbe			family
NCBITaxon:2147	Acholeplasma	Microbe			genus
NCBITaxon:214856	Alistipes finegoldii	Microbe			species
NCBITaxon:215579	Schlegelella	Microbe			genus
NCBITaxon:2158	Methanobacteriales	Microbe			order
NCBITaxon:2159	Methanobacteriaceae	Microbe			family
NCBITaxon:216572	Oscillospiraceae	Microbe			family
NCBITaxon:216816	Bifidobacterium longum	Microbe			species
NCBITaxon:216851	Faecalibacterium	Microbe			genus
NCBITaxon:2171986	Candidatus Saccharimonadaceae	Microbe			family
NCBITaxon:2171988	Candidatus Nanoperiomorbus	Microbe			genus
NCBITaxon:2172	Methanobrevibacter	Microbe			genus
NCBITaxon:218538	Dialister invisus	Microbe			species
NCBITaxon:219181	Ottowia	Microbe			genus
NCBITaxon:22	Shewanella	Microbe			genus
NCBITaxon:222	Achromobacter	Microbe			genus
NCBITaxon:224135	Candidatus Glomeribacter	Microbe			genus
NCBITaxon:225842	Formosa	Microbe			genus
NCBITaxon:228603	Hoylesella shahii	Microbe			species
NCBITaxon:228604	Segatella salivae	Microbe			species
NCBITaxon:2294	Desulfobacter sp.	Microbe			species
NCBITaxon:2299	Desulfosarcina	Microbe			genus
NCBITaxon:230141	Prevotella genomosp. C1	Microbe			species
NCBITaxon:230143	Scardovia wiggsiae	Microbe			species
NCBITaxon:237	Flavobacterium	Microbe			genus
NCBITaxon:237576	Oribacterium sinus	Microbe			species
NCBITaxon:2383	Epulopiscium	Microbe			genus
NCBITaxon:238783	Pseudorhodobacter	Microbe			genus
NCBITaxon:239759	Alistipes	Microbe			genus
NCBITaxon:239934	Akkermansia	Microbe			genus
NCBITaxon:239935	Akkermansia muciniphila	Microbe			species
NCBITaxon:241189	Hespellia	Microbe			genus
NCBITaxon:244093	Proteobacteria	Microbe			genus
NCBITaxon:244127	Anaerotruncus	Microbe			genus
NCBITaxon:245186	Loktanella	Microbe			genus
NCBITaxon:248038	Mucispirillum	Microbe			genus
NCBITaxon:2484550	stercorea	Microbe			species
NCBITaxon:2485925	Oscillospiraceae bacterium	Microbe			species
NCBITaxon:248744	Marvinbryantia	Microbe			genus
NCBITaxon:249188	Haemophilus pittmaniae	Microbe			species
NCBITaxon:249411	Paracoccus	Microbe			genus
NCBITaxon:2518495	Duncaniella	Microbe			genus
NCBITaxon:2518497	Paramuribaculum	Microbe			genus
NCBITaxon:2529408	Schaalia	Microbe			genus
NCBITaxon:256845	Lentisphaerae	Microbe			phylum
NCBITaxon:257708	Roseomonas gilardii	Microbe			species
NCBITaxon:258514	Acetanaerobacterium	Microbe			genus
NCBITaxon:2601703	Heminiphilus faecis	Microbe			species
NCBITaxon:2624479	unclassified Eubacterium (in: firmicutes)	Microbe			
NCBITaxon:264639	Alteracholeplasma parvum	Microbe			species
NCBITaxon:265	Paracoccus	Microbe			genus
NCBITaxon:265975	Oribacterium	Microbe			genus
NCBITaxon:267894	Psychromonadaceae	Microbe			family
NCBITaxon:2701	Gardnerella	Microbe			genus
NCBITaxon:270498	Christensenella hongkongensis	Microbe			species
NCBITaxon:2717	Cardiobacterium	Microbe			genus
NCBITaxon:2718	Cardiobacterium hominis	Microbe			species
NCBITaxon:272196	Anagyrus callidus	Microbe			species
NCBITaxon:272548	Actinomyces dentalis	Microbe			species
NCBITaxon:2734614	Cardiobacteriaceae bacterium	Microbe			species
NCBITaxon:2740	Peptococcus	Microbe			genus
NCBITaxon:2740557	Pauljensenia	Microbe			genus
NCBITaxon:2742	Marinobacter	Microbe			genus
NCBITaxon:2742598	Limosilactobacillus	Microbe			genus
NCBITaxon:2745	Halomonas	Microbe			genus
NCBITaxon:2747	Carnobacterium	Microbe			genus
NCBITaxon:2753	Synergistes	Microbe			genus
NCBITaxon:2754713	Actinobacteria incertae sedis	Microbe			species
NCBITaxon:2755	Brochothrix	Microbe			genus
NCBITaxon:2759736	Lacticaseibacillus	Microbe			genus
NCBITaxon:2767353	Lancefieldella	Microbe			genus
NCBITaxon:2767887	Ligilactobacillus	Microbe			genus
NCBITaxon:2780099	Barnesiella sp. CU968	Microbe			species
NCBITaxon:2782229	Epilithonimonas	Microbe			genus
NCBITaxon:2801844	Arachnia	Microbe			genus
NCBITaxon:28025	Bifidobacterium animalis	Microbe			species
NCBITaxon:28037	Streptococcus mitis	Microbe			species
NCBITaxon:28050	Lachnospira	Microbe			genus
NCBITaxon:2810280	Coprobacillaceae	Microbe			family
NCBITaxon:28111	Bacteroides eggerthii	Microbe			species
NCBITaxon:28112	Tannerella forsythia	Microbe			species
NCBITaxon:28116	Bacteroides ovatus	Microbe			species
NCBITaxon:28117	Alistipes putredinis	Microbe			species
NCBITaxon:2811711	butyrate-producing bacterium	Microbe			species
NCBITaxon:28119	Bacteroides zoogleoformans	Microbe			species
NCBITaxon:28124	Porphyromonas endodontalis	Microbe			species
NCBITaxon:28126	Prevotella buccae	Microbe			species
NCBITaxon:28129	Prevotella denticola	Microbe			species
NCBITaxon:28131	Prevotella intermedia	Microbe			species
NCBITaxon:28132	Prevotella melaninogenica	Microbe			species
NCBITaxon:28133	Prevotella nigrescens	Microbe			species
NCBITaxon:28134	Hoylesella oralis	Microbe			species
NCBITaxon:28135	Segatella oris	Microbe			species
NCBITaxon:28136	Segatella oulorum	Microbe			species
NCBITaxon:28137	Prevotella veroralis	Microbe			species
NCBITaxon:28138	Rikenella	Microbe			genus
NCBITaxon:28211	Alphaproteobacteria	Microbe			class
NCBITaxon:28216	Betaproteobacteria	Microbe			class
NCBITaxon:28219	Brachymonas	Microbe			genus
NCBITaxon:28221	Deltaproteobacteria	Microbe			class
NCBITaxon:28231	Geobacter	Microbe			genus
NCBITaxon:282402	Prevotella multiformis	Microbe			species
NCBITaxon:28253	Marinomonas	Microbe			genus
NCBITaxon:28261	Thermodesulfovibrio	Microbe			genus
NCBITaxon:28263	Arcanobacterium	Microbe			genus
NCBITaxon:283	Comamonas	Microbe			genus
NCBITaxon:283168	Odoribacter	Microbe			genus
NCBITaxon:2840493	Lachnospiraceae incertae sedis	Microbe			no rank
NCBITaxon:28449	Neisseria subflava	Microbe			species
NCBITaxon:28453	Sphingobacterium	Microbe			genus
NCBITaxon:286	Pseudomonas	Microbe			genus
NCBITaxon:287	Pseudomonas aeruginosa	Microbe			species
NCBITaxon:2886866	Sinanaerobacter	Microbe			genus
NCBITaxon:28890	Euryarchaeota	Microbe			phylum
NCBITaxon:2891241	Liothrips reuteri	Microbe			species
NCBITaxon:290055	Eubacterium fissicatena	Microbe			species
NCBITaxon:292632	Subdoligranulum	Microbe			genus
NCBITaxon:292800	Flavonifractor plautii	Microbe			species
NCBITaxon:293	Brevundimonas diminuta	Microbe			species
NCBITaxon:29348	Thomasclavelia spiroformis	Microbe			species
NCBITaxon:29361	Faecalimonas nexilis	Microbe			species
NCBITaxon:29375	Clostridium xylanolyticum	Microbe			species
NCBITaxon:29391	Gemella morbillorum	Microbe			species
NCBITaxon:294	Pseudomonas fluorescens	Microbe			species
NCBITaxon:29465	Veillonella	Microbe			genus
NCBITaxon:29466	Veillonella parvula	Microbe			species
NCBITaxon:294665	Veillonella	Microbe			genus
NCBITaxon:29523	Bacteroides sp.	Microbe			species
NCBITaxon:29547	Epsilonproteobacteria	Microbe			class
NCBITaxon:29580	Janthinobacterium	Microbe			genus
NCBITaxon:296051	Terrimonas	Microbe			genus
NCBITaxon:2975519	Candidatus Izemoplasmatales	Microbe			family
NCBITaxon:299568	Uruburuella	Microbe			genus
NCBITaxon:301302	Roseburia faecis	Microbe			species
NCBITaxon:3024411	Desulfobulbales	Microbe			order
NCBITaxon:302485	Phaeobacter	Microbe			genus
NCBITaxon:3028117	Cyanophyceae	Microbe			class
NCBITaxon:3031449	Desulfovibrionia	Microbe			class
NCBITaxon:3031451	Desulfobulbia	Microbe			class
NCBITaxon:3031852	Epsilonproteobacteria	Microbe			class
NCBITaxon:3068309	UCG-005	Microbe			genus
NCBITaxon:3085636	Lachnospirales	Microbe			order
NCBITaxon:3085642	Butyricicoccaceae	Microbe			family
NCBITaxon:310297	Phocaeicola plebeius	Microbe			species
NCBITaxon:310298	Phocaeicola coprocola	Microbe			species
NCBITaxon:310514	Hallella multisaccharivorax	Microbe			species
NCBITaxon:3120395	Acetobacterales	Microbe			order
NCBITaxon:3120435	Peptococcales	Microbe			order
NCBITaxon:315405	Streptococcus gallolyticus	Microbe			species
NCBITaxon:318147	Paucibacter	Microbe			genus
NCBITaxon:31953	Bifidobacteriaceae	Microbe			family
NCBITaxon:31957	Propionibacteriaceae	Microbe			family
NCBITaxon:31969	Mollicutes	Microbe			class
NCBITaxon:31971	Amedibacillus dolichus	Microbe			species
NCBITaxon:31973	Eggerthia catenaformis	Microbe			species
NCBITaxon:31977	Veillonellaceae	Microbe			family
NCBITaxon:31979	Clostridiaceae	Microbe			family
NCBITaxon:31989	Rhodobacteraceae	Microbe			family
NCBITaxon:32008	Burkholderia	Microbe			genus
NCBITaxon:32033	Lysobacteraceae	Microbe			family
NCBITaxon:32066	Fusobacteria	Microbe			phylum
NCBITaxon:32067	Leptotrichia	Microbe			genus
NCBITaxon:32207	Rothia	Microbe			genus
NCBITaxon:323620	Shinella	Microbe			genus
NCBITaxon:325789	Streptococcus sp. oral clone ASCB12	Microbe			species
NCBITaxon:327575	Capnocytophaga leadbetteri	Microbe			species
NCBITaxon:328814	Alistipes shahii	Microbe			species
NCBITaxon:329854	Bacteroides intestinalis	Microbe			species
NCBITaxon:33024	Phascolarctobacterium	Microbe			genus
NCBITaxon:33031	Peptoniphilus lacrimalis	Microbe			species
NCBITaxon:33033	Parvimonas micra	Microbe			species
NCBITaxon:33035	Blautia producta	Microbe			species
NCBITaxon:33037	Anaerococcus vaginalis	Microbe			species
NCBITaxon:33038	Ruminococcus gnavus	Microbe			species
NCBITaxon:33039	Ruminococcus torques	Microbe			species
NCBITaxon:33042	Coprococcus	Microbe			genus
NCBITaxon:33043	Coprococcus eutactus	Microbe			species
NCBITaxon:333046	Bacteroidales Incertae Sedis	Microbe			genus
NCBITaxon:333367	Enterocloster asparagiformis	Microbe			species
NCBITaxon:335928	Xanthobacteraceae	Microbe			family
NCBITaxon:338	Xanthomonas	Microbe			genus
NCBITaxon:33958	Lactobacillaceae	Microbe			family
NCBITaxon:33959	Lactobacillus johnsonii	Microbe			species
NCBITaxon:33986	Exiguobacterium	Microbe			genus
NCBITaxon:34037	Rahnella	Microbe			genus
NCBITaxon:34072	Variovorax	Microbe			genus
NCBITaxon:34104	Streptobacillus	Microbe			genus
NCBITaxon:341694	Peptostreptococcus stomatis	Microbe			species
NCBITaxon:342942	Mediterraneibacter glycyrrhizinilyticus	Microbe			species
NCBITaxon:346096	Paludibacter	Microbe			genus
NCBITaxon:348841	unclassified Clostridia	Microbe			genus
NCBITaxon:35517	[Eubacterium] brachy	Microbe			species
NCBITaxon:35518	[Eubacterium] nodatum	Microbe			species
NCBITaxon:35519	Mogibacterium timidum	Microbe			species
NCBITaxon:356	Rhizobiales	Microbe			order
NCBITaxon:357	Agrobacterium	Microbe			genus
NCBITaxon:357276	Phocaeicola dorei	Microbe			species
NCBITaxon:35783	Enterococcus sp.	Microbe			species
NCBITaxon:35829	Acetivibrio	Microbe			genus
NCBITaxon:35832	Bilophila	Microbe			genus
NCBITaxon:35833	Bilophila wadsworthia	Microbe			species
NCBITaxon:358742	Enterocloster aldenensis	Microbe			species
NCBITaxon:360807	Roseburia inulinivorans	Microbe			species
NCBITaxon:363265	Leyella stercorea	Microbe			species
NCBITaxon:363464	Candidatus Altimarinota	Microbe			phylum
NCBITaxon:36834	Clostridium celatum	Microbe			species
NCBITaxon:36866	unclassified Enterobacteriaceae	Microbe			no rank
NCBITaxon:374	Bradyrhizobium	Microbe			genus
NCBITaxon:375288	Parabacteroides	Microbe			genus
NCBITaxon:376469	Olivibacter	Microbe			genus
NCBITaxon:376804	Phocaeicola barnesiae	Microbe			species
NCBITaxon:37734	Enterococcus casseliflavus	Microbe			species
NCBITaxon:378210	Methyloversatilis	Microbe			genus
NCBITaxon:379	Rhizobium	Microbe			genus
NCBITaxon:381	Mesorhizobium loti	Microbe			species
NCBITaxon:38402	Erysipelothrix tonsillarum	Microbe			species
NCBITaxon:393661	Congregibacter	Microbe			genus
NCBITaxon:39484	Agathobaculum desmolans	Microbe			species
NCBITaxon:39485	Lachnospira eligens	Microbe			species
NCBITaxon:39486	Dorea formicigenerans	Microbe			species
NCBITaxon:39488	Anaerobutyricum hallii	Microbe			species
NCBITaxon:39491	Eubacterium rectale	Microbe			species
NCBITaxon:39496	Eubacterium ventriosum	Microbe			species
NCBITaxon:39498	Peptoanaerobacter yurli	Microbe			species
NCBITaxon:39777	Veillonella atypica	Microbe			species
NCBITaxon:39778	Veillonella dispar	Microbe			species
NCBITaxon:39779	unclassified Clostridiales	Microbe			no rank
NCBITaxon:397864	Barnesiella	Microbe			genus
NCBITaxon:39948	Dialister	Microbe			genus
NCBITaxon:39950	Dialister pneumosintes	Microbe			species
NCBITaxon:400634	Lysinibacillus	Microbe			genus
NCBITaxon:40214	Acinetobacter johnsonii	Microbe			species
NCBITaxon:40323	Stenotrophomonas	Microbe			genus
NCBITaxon:405	Leptotrichia	Microbe			genus
NCBITaxon:40518	Ruminococcus bromii	Microbe			species
NCBITaxon:40519	Ruminococcus callidus	Microbe			species
NCBITaxon:40542	Leptotrichia buccalis	Microbe			species
NCBITaxon:40544	Sutterella	Microbe			genus
NCBITaxon:407	Methylobacterium	Microbe			genus
NCBITaxon:408	Methylorubrum extorquens	Microbe			species
NCBITaxon:410072	Allocoprococcus comes	Microbe			species
NCBITaxon:411465	Parvimonas micra ATCC 33270	Microbe			no rank
NCBITaxon:411483	Faecalibacterium prausnitzii A2-165	Microbe			strain
NCBITaxon:411485	Faecalibacterium prausnitzii M21/2	Microbe			strain
NCBITaxon:41200	Bifidobacterium sp.	Microbe			species
NCBITaxon:41275	Brevundimonas	Microbe			genus
NCBITaxon:41294	Bradyrhizobiaceae	Microbe			family
NCBITaxon:413496	Cronobacter	Microbe			genus
NCBITaxon:416916	Aggregatibacter	Microbe			genus
NCBITaxon:418240	Blautia wexlerae	Microbe			species
NCBITaxon:41978	Ruminococcus sp.	Microbe			species
NCBITaxon:42322	Eubacterium ruminantium	Microbe			species
NCBITaxon:423477	Veillonella rogosae	Microbe			species
NCBITaxon:423606	Elusimicrobium	Microbe			genus
NCBITaxon:42447	Anaerobranca	Microbe			genus
NCBITaxon:425941	Hoylesella nanceiensis	Microbe			species
NCBITaxon:42818	unidentified Corynebacteriaceae	Microbe			no rank
NCBITaxon:42858	Mammaliicoccus lentus	Microbe			species
NCBITaxon:433	Acetobacteraceae	Microbe			family
NCBITaxon:433334	Erysipelotrichaceae incertae sedis	Microbe			no rank
NCBITaxon:433337	unclassified Rikenellaceae	Microbe			no rank
NCBITaxon:434	Acetobacter	Microbe			genus
NCBITaxon:43668	Brachybacterium	Microbe			genus
NCBITaxon:43675	Rothia mucilaginosa	Microbe			species
NCBITaxon:43768	Corynebacterium matruchotii	Microbe			species
NCBITaxon:437755	Moryella	Microbe			genus
NCBITaxon:439703	Segatella maculosa	Microbe			species
NCBITaxon:43994	Johnsonella	Microbe			genus
NCBITaxon:43996	Catonella	Microbe			genus
NCBITaxon:43997	Catonella morbi	Microbe			species
NCBITaxon:44249	Paenibacillus	Microbe			genus
NCBITaxon:44258	Caloramator	Microbe			genus
NCBITaxon:44259	Filifactor	Microbe			genus
NCBITaxon:446660	Adlercreutzia equolifaciens	Microbe			species
NCBITaxon:447020	Adlercreutzia	Microbe			genus
NCBITaxon:447454	candidate division TM7 single-cell isolate TM7a	Microbe			species
NCBITaxon:447455	candidate division TM7 single-cell isolate TM7b	Microbe			species
NCBITaxon:447456	candidate division TM7 single-cell isolate TM7c	Microbe			species
NCBITaxon:44748	Sporobacter	Microbe			genus
NCBITaxon:44749	Sporobacter termitidis	Microbe			species
NCBITaxon:451459	Blastocladiomycota	Microbe			phylum
NCBITaxon:45242	Capnocytophaga granulosa	Microbe			species
NCBITaxon:45243	Capnocytophaga haemolytica	Microbe			species
NCBITaxon:454155	Paraprevotella xylaniphila	Microbe			species
NCBITaxon:45634	Streptococcus cristatus	Microbe			species
NCBITaxon:45669	Salinicoccus	Microbe			genus
NCBITaxon:457412	Ruminococcus sp. 5 1 39BFAA	Microbe			species
NCBITaxon:459288	Oscillibacter	Microbe			genus
NCBITaxon:459786	Oscillibacter	Microbe			genus
NCBITaxon:460384	Enterocloster lavalensis	Microbe			species
NCBITaxon:46123	Abiotrophia	Microbe			genus
NCBITaxon:46124	Granulicatella adiacens	Microbe			species
NCBITaxon:46125	Abiotrophia defectiva	Microbe			species
NCBITaxon:461393	Actinomyces massiliensis	Microbe			species
NCBITaxon:46205	Pseudobutyrivibrio	Microbe			genus
NCBITaxon:46228	Ruminococcus lactaris	Microbe			species
NCBITaxon:46255	Weissella	Microbe			genus
NCBITaxon:46352	Agrococcus	Microbe			genus
NCBITaxon:46503	Parabacteroides merdae	Microbe			species
NCBITaxon:468	Moraxellaceae	Microbe			family
NCBITaxon:469	Acinetobacter	Microbe			genus
NCBITaxon:470	Acinetobacter baumannii	Microbe			species
NCBITaxon:470565	Prevotella histicola	Microbe			species
NCBITaxon:473772	unclassified Oscillospiraceae	Microbe			no rank
NCBITaxon:475	Moraxella	Microbe			genus
NCBITaxon:47670	Lautropia	Microbe			genus
NCBITaxon:47671	Lautropia mirabilis	Microbe			species
NCBITaxon:47678	Bacteroides caccae	Microbe			species
NCBITaxon:480	Moraxella catarrhalis	Microbe			species
NCBITaxon:481	Neisseriaceae	Microbe			family
NCBITaxon:482	Neisseria	Microbe			genus
NCBITaxon:48296	Acinetobacter pittii	Microbe			species
NCBITaxon:483	Neisseria cinerea	Microbe			species
NCBITaxon:484	Neisseria flavescens	Microbe			species
NCBITaxon:48461	Verrucomicrobiales	Microbe			order
NCBITaxon:486	Neisseria lactamica	Microbe			species
NCBITaxon:487	Neisseria meningitidis	Microbe			species
NCBITaxon:487174	Barnesiella intestinihominis	Microbe			species
NCBITaxon:48736	Ralstonia	Microbe			genus
NCBITaxon:488	Neisseria mucosa	Microbe			species
NCBITaxon:489	Neisseria polysaccharea	Microbe			species
NCBITaxon:490	Neisseria sicca	Microbe			species
NCBITaxon:4935	Saccharomyces sp.	Microbe			species
NCBITaxon:495	Neisseria elongata	Microbe			species
NCBITaxon:49546	Flavobacteriaceae	Microbe			family
NCBITaxon:496	Neisseria macacae	Microbe			species
NCBITaxon:497	Psychrobacter	Microbe			genus
NCBITaxon:501783	Cloacibacterium	Microbe			genus
NCBITaxon:502	Kingella denitrificans	Microbe			species
NCBITaxon:505	Kingella oralis	Microbe			species
NCBITaxon:506	alcaligenaceae	Microbe			family
NCBITaxon:507	Alcaligenes	Microbe			genus
NCBITaxon:508215	Rothia	Microbe			genus
NCBITaxon:508458	Synergistota	Microbe			phylum
NCBITaxon:508459	Cloacibacillus	Microbe			genus
NCBITaxon:51123	[Eubacterium] saphenum	Microbe			species
NCBITaxon:51514	Dehalobacterium	Microbe			genus
NCBITaxon:51515	Dehalobacterium formicoaceticum	Microbe			species
NCBITaxon:52002	Kingella	Microbe			genus
NCBITaxon:5204	Basidiomycota	Microbe			phylum
NCBITaxon:52225	Mitsuokella	Microbe			genus
NCBITaxon:526524	Erysipelotrichia	Microbe			class
NCBITaxon:526525	Erysipelotrichales	Microbe			order
NCBITaxon:52767	Actinomyces denticolens	Microbe			species
NCBITaxon:52768	Schaalia georgiae	Microbe			species
NCBITaxon:52769	Actinomyces gerencseriae	Microbe			species
NCBITaxon:52773	Schaalia meyeri	Microbe			species
NCBITaxon:52959	Polaribacter	Microbe			genus
NCBITaxon:53246	Pseudoalteromonas	Microbe			genus
NCBITaxon:53335	Pantoea	Microbe			genus
NCBITaxon:53419	Treponema socranskii	Microbe			species
NCBITaxon:536633	Blautia glucerasea	Microbe			species
NCBITaxon:53747	Echinacea	Microbe			genus
NCBITaxon:538	Eikenella	Microbe			genus
NCBITaxon:539	Eikenella corrodens	Microbe			species
NCBITaxon:539738	Gemellaceae	Microbe			family
NCBITaxon:54005	Peptoniphilus harei	Microbe			species
NCBITaxon:541000	Ruminococcaceae	Microbe			family
NCBITaxon:543	Enterobacteriaceae	Microbe			family
NCBITaxon:543311	Parvimonas	Microbe			genus
NCBITaxon:543314	Anaerovoracaceae	Microbe			family
NCBITaxon:544	Citrobacter	Microbe			genus
NCBITaxon:544448	Tenericutes	Microbe			phylum
NCBITaxon:54448	Tenericutes	Microbe			phylum
NCBITaxon:544580	Actinomyces oris	Microbe			species
NCBITaxon:544581	Actinomyces johnsonii	Microbe			species
NCBITaxon:547	Enterobacter	Microbe			genus
NCBITaxon:549	Pantoea agglomerans	Microbe			species
NCBITaxon:551	Erwinia	Microbe			genus
NCBITaxon:552397	Oscillospiraceae incertae sedis	Microbe			no rank
NCBITaxon:55506	Schwartzia	Microbe			genus
NCBITaxon:55565	Actinomyces graevenitzii	Microbe			species
NCBITaxon:556	Prevotella	Microbe			genus
NCBITaxon:556499	Propionibacterium acidifaciens	Microbe			species
NCBITaxon:561	Escherichia	Microbe			genus
NCBITaxon:562	Escherichia coli	Microbe			species
NCBITaxon:563835	Chitinophagaceae	Microbe			family
NCBITaxon:56774	[Eubacterium] infirmum	Microbe			species
NCBITaxon:570	Klebsiella	Microbe			genus
NCBITaxon:571	Klebsiella oxytoca	Microbe			species
NCBITaxon:572511	Blautia	Microbe			genus
NCBITaxon:573	Klebsiella pneumoniae	Microbe			species
NCBITaxon:574697	Butyricimonas	Microbe			genus
NCBITaxon:57494	Nesterenkonia	Microbe			genus
NCBITaxon:57609	unclassified Lysobacteraceae	Microbe			no rank
NCBITaxon:57723	Acidobacteria	Microbe			phylum
NCBITaxon:577309	Paraprevotella	Microbe			genus
NCBITaxon:577310	Parasutterella	Microbe			genus
NCBITaxon:580024	Enterorhabdus	Microbe			genus
NCBITaxon:580596	Butyricicoccus	Microbe			genus
NCBITaxon:581	Morganella	Microbe			genus
NCBITaxon:58231	Treponema medium	Microbe			species
NCBITaxon:583	Proteus	Microbe			genus
NCBITaxon:584783	Coriobacterium sp. AUH-Julong21	Microbe			species
NCBITaxon:588673	Solirubrobacterales	Microbe			order
NCBITaxon:589437	Prevotella scopos	Microbe			species
NCBITaxon:596498	Nitriliruptoraceae	Microbe			family
NCBITaxon:596499	Nitriliruptor	Microbe			genus
NCBITaxon:59732	Chryseobacterium	Microbe			genus
NCBITaxon:59735	Bergeyella	Microbe			genus
NCBITaxon:59823	Prevotella sp.	Microbe			species
NCBITaxon:60133	Prevotella pallens	Microbe			species
NCBITaxon:60246	Helicobacter ganmani	Microbe			species
NCBITaxon:61170	Holdemania	Microbe			genus
NCBITaxon:61171	Holdemania filiformis	Microbe			species
NCBITaxon:613	Serratia	Microbe			genus
NCBITaxon:61592	Corynebacterium durum	Microbe			species
NCBITaxon:617123	Lachnoanaerobaculum umeaense	Microbe			species
NCBITaxon:620	Shigella	Microbe			genus
NCBITaxon:62100	Candidatus Endobugula	Microbe			genus
NCBITaxon:623	Shigella flexneri	Microbe			species
NCBITaxon:624	Shigella sonnei	Microbe			species
NCBITaxon:626929	Bacteroides clarus	Microbe			species
NCBITaxon:626937	Christensenella minuta	Microbe			species
NCBITaxon:626940	Phascolarctobacterium succinatutens	Microbe			species
NCBITaxon:630405	Cellulosibacter alkalithermophilus	Microbe			species
NCBITaxon:633701	Hoylesella saccharolytica	Microbe			species
NCBITaxon:638847	Pyramidobacter	Microbe			genus
NCBITaxon:64001	Nevskia	Microbe			genus
NCBITaxon:641	Vibrionaceae	Microbe			family
NCBITaxon:642	Aeromonas	Microbe			genus
NCBITaxon:648800	Solibacillus	Microbe			genus
NCBITaxon:649743	Actinomyces sp. oral taxon 848 str. F0332	Microbe			genus
NCBITaxon:649775	Synergistia	Microbe			class
NCBITaxon:649776	Synergistales	Microbe			order
NCBITaxon:649777	Synergistaceae	Microbe			family
NCBITaxon:651822	Fretibacterium fastidiosum	Microbe			species
NCBITaxon:652708	Bacteroidetes oral taxon 274	Microbe			species
NCBITaxon:652722	Prevotella sp. oral taxon 313	Microbe			species
NCBITaxon:65402	Acidaminobacter	Microbe			genus
NCBITaxon:657322	Faecalibacterium prausnitzii SL3/3	Microbe			strain
NCBITaxon:658089	Lachnospiraceae bacterium 5 1 63FAA	Microbe			species
NCBITaxon:65842	Fibrobacteres	Microbe			phylum
NCBITaxon:662	Vibrio	Microbe			genus
NCBITaxon:66831	Facklamia	Microbe			genus
NCBITaxon:671211	Fusobacterium sp. oral taxon 203	Microbe			species
NCBITaxon:671218	Alloprevotella rava	Microbe			species
NCBITaxon:671231	TM7 phylum sp. oral taxon 348	Microbe			species
NCBITaxon:674529	Bacteroides faecis	Microbe			species
NCBITaxon:674963	Succinatimonas	Microbe			genus
NCBITaxon:67572	Psychromonas	Microbe			genus
NCBITaxon:67575	Rheinheimera	Microbe			genus
NCBITaxon:67819	Armatimonadetes	Microbe			phylum
NCBITaxon:67824	Citrobacter farmeri	Microbe			species
NCBITaxon:682522	Ilumatobacter	Microbe			genus
NCBITaxon:68287	Mesorhizobium	Microbe			genus
NCBITaxon:68298	Syntrophomonadaceae	Microbe			family
NCBITaxon:684066	Streptococcus lactarius	Microbe			species
NCBITaxon:68766	Fusobacterium sp.	Microbe			species
NCBITaxon:68892	Streptococcus infantis	Microbe			species
NCBITaxon:69541	Desulfuromonadales	Microbe			order
NCBITaxon:69657	Hyphomonadaceae	Microbe			family
NCBITaxon:69710	Treponema vincentii	Microbe			species
NCBITaxon:69823	Selenomonas sputigena	Microbe			species
NCBITaxon:69824	Clostridium cocleatum	Microbe			species
NCBITaxon:698776	Cellulosilyticum	Microbe			genus
NCBITaxon:70774	Hydrogenophilus	Microbe			genus
NCBITaxon:712	Pasteurellaceae	Microbe			family
NCBITaxon:712118	Actinomyces sp. oral taxon 172	Microbe			species
NCBITaxon:712362	Leptotrichia sp. oral taxon 221	Microbe			species
NCBITaxon:712364	Leptotrichia sp. oral taxon 392	Microbe			species
NCBITaxon:712456	Prevotella sp. oral taxon 300	Microbe			species
NCBITaxon:712469	Alloprevotella sp. oral taxon 473	Microbe			species
NCBITaxon:712624	Streptococcus sp. oral taxon 064	Microbe			species
NCBITaxon:712630	Streptococcus sp. oral taxon 071	Microbe			species
NCBITaxon:712888	Actinobaculum sp. oral taxon 183	Microbe			species
NCBITaxon:712939	Clostridiales bacterium oral taxon 075	Microbe			species
NCBITaxon:712979	Lachnospiraceae bacterium oral taxon 088	Microbe			species
NCBITaxon:713	Actinobacillus	Microbe			genus
NCBITaxon:713049	TM7 phylum sp. oral taxon 346	Microbe			species
NCBITaxon:713053	TM7 phylum sp. oral taxon 351	Microbe			species
NCBITaxon:713054	TM7 phylum sp. oral taxon 352	Microbe			species
NCBITaxon:714	Aggregatibacter actinomycetemcomitans	Microbe			species
NCBITaxon:715	Actinobacillus pleuropneumoniae	Microbe			species
NCBITaxon:715221	Caldicoprobacteraceae	Microbe			family
NCBITaxon:718252	Faecalibacterium prausnitzii L2-6	Microbe			strain
NCBITaxon:72274	Pseudomonadales	Microbe			order
NCBITaxon:72275	Alteromonadaceae	Microbe			family
NCBITaxon:72293	Helicobacteraceae	Microbe			family
NCBITaxon:72294	Campylobacteraceae	Microbe			family
NCBITaxon:724	Haemophilus	Microbe			genus
NCBITaxon:72763	Tessaracoccus	Microbe			genus
NCBITaxon:729	Haemophilus parainfluenzae	Microbe			species
NCBITaxon:730	Haemophilus ducreyi	Microbe			species
NCBITaxon:73029	Dechloromonas	Microbe			genus
NCBITaxon:736	Haemophilus paraphrohaemolyticus	Microbe			species
NCBITaxon:738	Glaesserella parasuis	Microbe			species
NCBITaxon:739	Aggregatibacter segnis	Microbe			species
NCBITaxon:74015	Latescibacterota	Microbe			phylum
NCBITaxon:74152	Elusimicrobiota	Microbe			phylum
NCBITaxon:74201	Verrucomicrobia	Microbe			phylum
NCBITaxon:74243	Candidatus Dojkabacteria	Microbe			no rank
NCBITaxon:74426	Collinsella aerofaciens	Microbe			species
NCBITaxon:745	Pasteurella	Microbe			genus
NCBITaxon:745368	Gemmiger formicilis	Microbe			species
NCBITaxon:747	Pasteurella multocida	Microbe			species
NCBITaxon:748224	Faecalibacterium cf. prausnitzii KLE1255	Microbe			strain
NCBITaxon:75	Caulobacter	Microbe			genus
NCBITaxon:75309	Rhodanobacter	Microbe			genus
NCBITaxon:75984	Mannheimia	Microbe			genus
NCBITaxon:75985	Mannheimia haemolytica	Microbe			species
NCBITaxon:76122	Alloprevotella tannerae	Microbe			species
NCBITaxon:76123	Hoylesella enoeca	Microbe			species
NCBITaxon:76856	Fusobacterium nucleatum subsp. nucleatum	Microbe			subspecies
NCBITaxon:76860	Streptococcus constellatus	Microbe			species
NCBITaxon:76892	Caulobacteraceae	Microbe			family
NCBITaxon:78119	Succinispira	Microbe			genus
NCBITaxon:78258	Parascardovia denticolens	Microbe			species
NCBITaxon:79206	Desulfosporosinus	Microbe			genus
NCBITaxon:79598	Heliorestis	Microbe			genus
NCBITaxon:796942	Stomatobaculum longum	Microbe			species
NCBITaxon:79880	Shouchella clausii	Microbe			species
NCBITaxon:80840	Burkholderiales	Microbe			order
NCBITaxon:80853	Allomonas	Microbe			genus
NCBITaxon:80864	Comamonadaceae	Microbe			family
NCBITaxon:80865	Delftia	Microbe			genus
NCBITaxon:810	Chlamydia	Microbe			genus
NCBITaxon:815	Bacteroidaceae	Microbe			family
NCBITaxon:816	Bacteroides	Microbe			genus
NCBITaxon:817	Bacteroides fragilis	Microbe			species
NCBITaxon:818	Bacteroides thetaiotaomicron	Microbe			species
NCBITaxon:81852	Enterococcaceae	Microbe			family
NCBITaxon:820	Bacteroides uniformis	Microbe			species
NCBITaxon:821	Phocaeicola vulgatus	Microbe			species
NCBITaxon:82115	Rhizobiaceae	Microbe			family
NCBITaxon:82202	Centipeda	Microbe			genus
NCBITaxon:82283	Centipeda	Microbe			genus
NCBITaxon:823	Parabacteroides distasonis	Microbe			species
NCBITaxon:82373	Anaerovibrio	Microbe			genus
NCBITaxon:824	Campylobacter gracilis	Microbe			species
NCBITaxon:82976	Buttiauxella	Microbe			genus
NCBITaxon:830	Butyrivibrio	Microbe			genus
NCBITaxon:832	Fibrobacter	Microbe			genus
NCBITaxon:836	Porphyromonas	Microbe			genus
NCBITaxon:83618	Pseudoxanthomonas	Microbe			genus
NCBITaxon:837	Porphyromonas gingivalis	Microbe			species
NCBITaxon:83763	Succinivibrionaceae	Microbe			family
NCBITaxon:83766	Propionivibrio	Microbe			genus
NCBITaxon:83770	Succinivibrio	Microbe			genus
NCBITaxon:838	Prevotella	Microbe			genus
NCBITaxon:840	Hoylesella loescheii	Microbe			species
NCBITaxon:84024	Clostridium disporicum	Microbe			species
NCBITaxon:84036	Syntrophococcus	Microbe			genus
NCBITaxon:84086	unclassified Bacillota	Microbe			genus
NCBITaxon:841	Roseburia	Microbe			genus
NCBITaxon:84107	Coriobacteriaceae	Microbe			family
NCBITaxon:84108	Slackia	Microbe			genus
NCBITaxon:84109	Slackia exigua	Microbe			species
NCBITaxon:84111	Eggerthella	Microbe			genus
NCBITaxon:84112	Eggerthella lenta	Microbe			species
NCBITaxon:84162	Cryptobacterium	Microbe			genus
NCBITaxon:84566	Sphingobacteriaceae	Microbe			family
NCBITaxon:84567	Pedobacter	Microbe			genus
NCBITaxon:846	Oxalobacter	Microbe			genus
NCBITaxon:84642	Aeromonadaceae	Microbe			family
NCBITaxon:848	Fusobacterium	Microbe			genus
NCBITaxon:84992	Acidimicrobiia	Microbe			class
NCBITaxon:84996	Rubrobacterales	Microbe			order
NCBITaxon:84998	Coriobacteriia	Microbe			class
NCBITaxon:84999	Coriobacteriales	Microbe			order
NCBITaxon:850	Fusobacterium mortiferum	Microbe			species
NCBITaxon:85004	Bifidobacteriales	Microbe			order
NCBITaxon:85006	Micrococcales	Microbe			order
NCBITaxon:85007	Corynebacterineae	Microbe			genus
NCBITaxon:85009	Propionibacterineae	Microbe			genus
NCBITaxon:85017	Promicromonosporaceae	Microbe			family
NCBITaxon:85025	Nocardiaceae	Microbe			family
NCBITaxon:851	Fusobacterium nucleatum	Microbe			species
NCBITaxon:853	Faecalibacterium prausnitzii	Microbe			species
NCBITaxon:85404	Mannheimia varigena	Microbe			species
NCBITaxon:856	Fusobacterium varium	Microbe			species
NCBITaxon:85831	Bacteroides acidifaciens	Microbe			species
NCBITaxon:860	Fusobacterium periodonticum	Microbe			species
NCBITaxon:86331	Mogibacterium	Microbe			genus
NCBITaxon:868	Cardiobacteriaceae	Microbe			family
NCBITaxon:871665	Blautia faecis	Microbe			species
NCBITaxon:872	Desulfovibrio	Microbe			genus
NCBITaxon:877406	Lachnospiraceae bacterium NK3A20	Microbe			species
NCBITaxon:877420	Lachnospiraceae bacterium NK4A136	Microbe			species
NCBITaxon:879243	Porphyromonas asaccharolytica DSM 20707	Microbe			no rank
NCBITaxon:88431	Dorea longicatena	Microbe			species
NCBITaxon:885	Desulfovibrio sp.	Microbe			species
NCBITaxon:89153	[Clostridium] hylemonae	Microbe			species
NCBITaxon:893	Desulfobulbus	Microbe			genus
NCBITaxon:89374	Saprospiraceae	Microbe			family
NCBITaxon:901	Desulfovibrio piger	Microbe			species
NCBITaxon:90141	unclassified Rhizobiaceae	Microbe			no rank
NCBITaxon:904	Acidaminococcus	Microbe			genus
NCBITaxon:906	Megasphaera	Microbe			genus
NCBITaxon:90964	Staphylococcaceae	Microbe			family
NCBITaxon:909656	Phocaeicola	Microbe			genus
NCBITaxon:909928	Negativicoccus	Microbe			genus
NCBITaxon:909929	Selenomonadales	Microbe			order
NCBITaxon:909930	Acidaminococcaceae	Microbe			family
NCBITaxon:909932	Negativicutes	Microbe			class
NCBITaxon:91061	Bacilli	Microbe			class
NCBITaxon:91347	Enterobacterales	Microbe			order
NCBITaxon:91994	unclassified Staphylococcus	Microbe			genus
NCBITaxon:92793	Aquabacterium	Microbe			genus
NCBITaxon:93681	Roseateles	Microbe			genus
NCBITaxon:94008	Thermicanus	Microbe			genus
NCBITaxon:946234	Flavonifractor	Microbe			genus
NCBITaxon:95486	Burkholderia cenocepacia	Microbe			species
NCBITaxon:95818	Candidatus Saccharibacteria	Microbe			phylum
NCBITaxon:970	Selenomonas	Microbe			genus
NCBITaxon:97478	Limosilactobacillus mucosae	Microbe			species
NCBITaxon:976	Bacteroidetes	Microbe			phylum
NCBITaxon:979627	Lachnoanaerobaculum orale	Microbe			species
NCBITaxon:990719	Christensenellaceae	Microbe			family
NCBITaxon:990721	Christensenella	Microbe			genus
NCBITaxon:995019	Sutterellaceae	Microbe			family
